999999643,/projects/anewrevolution/anew-revolution-your-mission-your-project-your-cha
999999531,/projects/274365669/nutlock-outsmart-thieves-save-your-wheels-lock-you
999999531,/projects/rideye/rideye-the-black-box-camera-for-your-bike
999999531,/projects/1833528339/hero-3-tether-never-loose-your-gopro-camera
999999531,/projects/ouya/ouya-a-new-kind-of-video-game-console
999999531,/projects/1652790707/torch-bicycle-helmet-with-integrated-lights
999999286,/projects/1780116159/juventud-press-launch
999999175,/projects/1633879887/six-and-four-articulations-performance-tour
999998850,/projects/860825685/emergenyc
999998850,/projects/883457744/reflecting-adrianne-a-new-short-film
999998804,/projects/999998804/swingin-for-the-holidays-big-band-cd-w-guerra-and
999998804,/projects/1447067478/chris-klaxtons-debut-record-release-and-recording
999998804,/projects/999998804/swingin-for-the-holidays-big-band-cd-w-guerra-and
999998633,/projects/529482776/slims-wallets-light-sleek-and-functional
999997928,/projects/confide/confide-new-album
999997891,/projects/1246023967/present-perfect-a-documentary-film-post-production
999997891,/projects/1188802450/asiatoamerica-without-a-plane
999997509,/projects/gobigear/segsac-elevate-the-way-you-pack
999997509,/projects/1249988525/commit30-planner-30-days-to-your-dreams-goals-pass
999997509,/projects/2085641392/smitch-smart-switch-that-installs-in-seconds-for-u
999997509,/projects/sweetpeas/nodeit-the-worlds-smallest-and-extendable-iot-syst
999997509,/projects/1430799669/bedjet-v2-sleep-inducing-climate-control-just-for
999997509,/projects/peak-design/the-everyday-messenger-a-bag-for-cameras-and-essen
999997509,/projects/597538543/the-worlds-best-travel-jacket-with-15-features-bau
999997509,/projects/sivil/the-best-workout-shirt-ever-made-guaranteed
999997509,/projects/iblazr/iblazr-2-the-most-versatile-led-flash-for-ios-andr
999997509,/projects/1598272670/chip-the-worlds-first-9-computer
999997509,/projects/tiko3d/tiko-the-unibody-3d-printer
999997509,/projects/1853707494/pancakebot-the-worlds-first-pancake-printer
999997509,/projects/snappower/snappower-charger-a-usb-charger-in-a-coverplate-no
999997509,/projects/597507018/pebble-time-awesome-smartwatch-no-compromises
999997509,/projects/raspitv/raspio-duino-affordable-arduino-programming-on-ras
999997509,/projects/812365891/swivelcard-smart-business-cards
999997509,/projects/fuzdesigns/noke-the-worlds-first-bluetooth-padlock
999997509,/projects/minsonbj/g6-belt-a-clean-comfortable-minimalist-belt
999997509,/projects/1215971350/kudoso-changing-the-way-families-manage-technology
999997509,/projects/505428730/blink-wire-free-hd-home-monitoring-and-alert-syste
999997509,/projects/snappower/the-snaprays-guidelight-illuminate-your-life
999997509,/projects/limefuel/external-usb-battery-pack-limefuel-ip66-rugged-150
999997509,/projects/raspitv/hdmipi-affordable-9-high-def-screen-for-the-raspbe
999997509,/projects/483802388/benki-connected-devices-done-right
999997509,/projects/1484284472/windcatcher-inflates-in-seconds-with-no-power-or-p
999997509,/projects/secretlabs/agent-the-worlds-smartest-watch
999997509,/projects/mylimeade/limeade-blast-18000mah-ultra-high-capacity-battery
999997509,/projects/arcbotics/sparki-the-easy-robot-for-everyone
999997509,/projects/john-cole/brickpi-lego-bricks-with-a-raspberry-pi-brain
999997509,/projects/acrobotic/the-smart-citizen-kit-crowdsourced-environmental-m
999997509,/projects/740956622/blinkytape-the-led-strip-reinvented
999997509,/projects/udoo/udoo-android-linux-arduino-in-a-tiny-single-board
999997509,/projects/1286098094/wirelessly-connect-all-the-things-with-sapphire
999997509,/projects/sparkdevices/spark-core-wi-fi-for-everything-arduino-compatible
999997509,/projects/lightup/lightup-learn-by-making
999997509,/projects/clintgc/space-monkey-taking-the-cloud-out-of-the-datacente
999997509,/projects/1251236349/blue-laser-lamp-with-passive-cooling-technology
999997509,/projects/mattiaslepp/smart-herb-garden-by-click-and-grow
999997509,/projects/1736580759/extrabee-open-source-radio-module
999997509,/projects/702772580/ube-wifi-connected-smart-light-dimmer
999997509,/projects/2037429657/almond-80211ac-touchscreen-wifi-router-smart-home
999997509,/projects/2077260917/harvestgeek-brains-for-your-garden
999997509,/projects/weargustin/gustin-redefining-premium-menswear-starting-with-d
999997509,/projects/920064946/xprotolab-portable
999997509,/projects/limemouse/lifx-the-light-bulb-reinvented
999997509,/projects/597507018/pebble-e-paper-watch-for-iphone-and-android
999997509,/projects/david-toledo/the-powerpot
999997509,/projects/1380180715/mail-pilot-email-reimagined
999997509,/projects/maglebys/the-chocolate-cake-that-made-provo-famous-across-a
999997419,/projects/267979192/morf
999997419,/projects/project2x1/project-2x1-a-google-glass-documentary
999997360,/projects/72522772/mozawas-workshop-season
999997151,/projects/297519465/the-icarus-deception-why-make-art-new-from-seth-go
999997092,/projects/wigwag/wigwag-scan-it-control-it-rule-it-share-it
999997092,/projects/529738175/gstick-the-mouse-you-hold-like-a-pen-for-pcs-and-m
999997092,/projects/supermechanical/range-smart-thermometer-smarter-cook
999997092,/projects/thingm/blink1-mk2-the-usb-rgb-led-improved
999997092,/projects/cloud-guys/plug-the-brain-of-your-devices
999997092,/projects/dwighthouser/gekko-stand-universal-and-adjustable-nanosuction-s
999997092,/projects/dodsr/founders-playing-cards
999997092,/projects/robocat/thermodo-the-tiny-thermometer-for-mobile-devices
999996999,/projects/602459815/barbra-streisand-portrait-bender-las-vegas
999996926,/projects/4572344/spinal-column-miniatures
999996926,/projects/1602989624/asylum-the-alderney-case-first-act
999996926,/projects/megacongames/the-banner-saga-warbands
999996926,/projects/coolminiornot/arcadia-quest-inferno
999996926,/projects/1816687860/cthulhu-wars-onslaught-two
999996926,/projects/809492703/pandemonium-fantasy-survival-horror-and-miniatures
999996926,/projects/sodapopminiatures/super-dungeon-explore-legends
999996926,/projects/1926712971/the-7th-continent-explore-survive-you-are-the-hero
999996926,/projects/gbg/folklore-the-affliction-0
999996926,/projects/1350948450/gloomhaven
999996926,/projects/coolminiornot/the-others-7-sins
999996926,/projects/1084608523/lobotomy-board-game
999996926,/projects/larianstudios/divinity-original-sin-2
999996926,/projects/coolminiornot/zombicide-black-plague
999996926,/projects/inxile/the-bards-tale-iv
999996926,/projects/magecompany/12-realms-bedtime-story
999996926,/projects/succubuspublishing/middara
999996926,/projects/1071840090/zero-agents
999996926,/projects/241478362/project-elite
999996926,/projects/coolminiornot/b-sieged-sons-of-the-abyss
999996926,/projects/sodapopminiatures/ninja-all-stars
999996926,/projects/1900818244/vampire-hunters
999996926,/projects/loudnraging/tgg2-light-and-darkness
999996926,/projects/megacongames/myth-journeyman
999996926,/projects/coolminiornot/blood-rage
999996926,/projects/bischoff/stasis-2d-isometric-scifi-horror-adventure-game
999996926,/projects/cyaninc/obduction
999996926,/projects/larianstudios/divinity-original-sin
999996926,/projects/redthread/dreamfall-chapters-the-longest-journey
999996926,/projects/inxile/torment-tides-of-numenera
999996926,/projects/obsidian/project-eternity
999996484,/projects/michaeltomlinson/michael-tomlinsons-beautiful-new-album
999996484,/projects/1213191656/maggie-lumiere-and-the-ghost-train-an-exciting-new
999996192,/projects/portraitsinptown/portraits-in-provincetown
999996134,/projects/1277942208/passion-to-reality-the-maphotography-project
999996134,/projects/twigswoodwear/natural-time-collection
999996134,/projects/741639594/hugh-and-crye-fitted-t-shirts-made-in-the-usa
999996134,/projects/179627591/tomas-ferry-watch-co
999996134,/projects/136598712/fym-hot-sauce-spicy-and-flavorful-from-fresh-ingre
999996134,/projects/sashaneulinger/rewind-to-fast-forward
999996134,/projects/fly6/fly6-cycling-accessory-hd-camera-and-tail-light-co
999996134,/projects/139160027/a-better-bicycle-bell-made-in-the-usa
999995756,/projects/379975610/hotel-room-series
999995468,/projects/natsch/science-ninjas-valence-chemistry-card-game
999995468,/projects/johnrenfroe/outlier-dictionary-of-chinese-characters
999995468,/projects/hyperraum/the-future-chronicles-1-internet-a-time-travel-mag
999995468,/projects/1616607554/punny-buns-cute-plush-bunny-puns
999995468,/projects/elanlee/exploding-kittens
999995468,/projects/1351910088/3doodler-20-the-worlds-first-3d-printing-pen-reinv
999995468,/projects/daniel-lindenberger/connection-deck
999995468,/projects/boardgamegeek/boardgamegeek-micro-game-1-i-hate-zombies
999995468,/projects/159974695/badbandanas100-cotton-and-100-bad
999995468,/projects/159974695/calamityware-dinner-plate-4
999995468,/projects/butterup/the-stupendous-splendiferous-butterup
999995468,/projects/bobbylox/codemancer-a-fantasy-game-that-teaches-the-magic-o
999995468,/projects/159974695/calamityware-dinner-plate-3
999995468,/projects/cyaninc/obduction
999995468,/projects/703010673/sand-pen
999995468,/projects/1351910088/3doodler-the-worlds-first-3d-printing-pen
999995468,/projects/fringefocus/the-acme-corporation
999995468,/projects/1104350651/taktik-premium-protection-system-for-the-iphone
999995211,/projects/readingrainbow/bring-reading-rainbow-back-for-every-child-everywh
999995211,/projects/chug/chug-an-international-drinking-show-with-zane-lamp
999994509,/projects/2112059176/out-of-order-new-revised-edition
999994152,/projects/joytrachsel/the-great-cover-up-by-joy-trachsel
999994040,/projects/1194450798/jill-andrews-the-mirror
999994040,/projects/829242047/theodore-wants-to-release-a-10-vinyl
999993979,/projects/72557401/carpool-the-sun-stopped-in-the-middle-of-the-sky
999993453,/projects/2085483835/virtual-choir-4-bliss
999993012,/projects/allthingsfashiondc/atfdc-introduces-the-fashion-source
999992664,/projects/2143875945/badala-the-documentary
999992598,/projects/6688684/hidden-colors-4
999992598,/projects/6688684/hidden-colors-3
999992226,/projects/pasadenahistory/the-great-history-freeze-to-preserve-photographic
999991919,/projects/886460906/new-carman-album-and-music-video
999991754,/projects/elanlee/exploding-kittens
999991754,/projects/ouya/ouya-a-new-kind-of-video-game-console
999991554,/projects/1041610927/znaps-the-9-magnetic-adapter-for-your-mobile-devic
999991554,/projects/princesation/asset-the-modern-wallet-with-nfc-technology
999991554,/projects/keroproducts/nomad-cable-micro-usb
999991515,/projects/jenachambers/pandoras-pops-aphrodisiac-lollipops-treasure-hunts
999991453,/projects/1908429674/this-way-to-the-egress-great-balancing-act-album
999991453,/projects/beatsantique/beats-antique-brand-new-show-a-thousand-faces
999991352,/projects/atlasshrugged/atlas-shrugged-movie-who-is-john-galt
999991157,/projects/thesheriffofmars/the-sheriff-of-mars-music-documentary
999991157,/projects/388013493/kris-delmhorsts-new-album-blood-test
999991157,/projects/2012768098/the-dome-movie
999991157,/projects/767532119/say-grace
999991157,/projects/589967878/ok-buckaroos-lets-kickstarter-the-completion-of-th
999991157,/projects/1504461029/low-and-clear
999990991,/projects/2115158067/aura-the-next-exit-cd
999990895,/projects/637943655/the-powwow-a-modern-solution-for-print-newspapers
999990895,/projects/716100482/csa-community-supported-art-writing-in-philadelphi
999990895,/projects/johnnyshowcase/johnny-showcase-is-making-a-new-record
999990895,/projects/3806479/radical-hospitalty-and-the-rooster-soup-company
999990895,/projects/490865454/good-and-cheap
999990895,/projects/nivacosta/niv-acostas-world-premiere-of-i-shot-denzel
999990895,/projects/942580917/philadelphias-first-dedicated-waffle-truck
999990895,/projects/1095262096/fresh-food-generation-farm-to-plate-food-truck-on
999990895,/projects/2136400862/the-fresh-food-hub-a-mobile-healthy-corner-store
999990895,/projects/849247530/rails-the-back-on-track-tour
999990895,/projects/708969873/civil-eats-food-policy-news-and-commentary-with-bi
999990895,/projects/863983207/citywide-a-collective-exhibition
999990895,/projects/1551842735/the-peoples-opera-new-york-city-operas-2013-2014-s
999990895,/projects/exoprotein/exo-protein-bars-made-from-cricket-flour
999990895,/projects/simplefactorync/the-dollar-wallet-made-in-the-usa
999990895,/projects/884672734/the-stclaire-into-the-future
999990895,/projects/834182258/100-organic-beef-jerky-sweet-meat-jerky
999990895,/projects/849247530/iminami
999990895,/projects/485446744/little-babys-ice-cream-funds-for-responsible-packa
999990895,/projects/jacobsensaltco/jacobsen-salt-co
999990895,/projects/1162301134/hirs-first-100-songs-lp
999990895,/projects/1704331823/sioux-chef-cooking-up-an-introduction-to-fresh-foo
999990895,/projects/236211109/t-shirt-help
999990895,/projects/51343812/beans-beans-beans-tour
999990895,/projects/apiary/apiary-a-literary-magazine-for-humans-of-all-ages
999990603,/projects/1564460467/veterans-memorial-eagle-scout-project
999990603,/projects/picklehopped/bookworm-the-book-lovers-game-of-hide-and-seek
999990603,/projects/130957112/if-walls-could-talk
999990452,/projects/spencerboerup/magmod-magnetic-speedlite-modifiers-for-hot-shoe-f
999990086,/projects/magkey/magkey-smart-key-holder
999989588,/projects/247692762/aquabot
999989588,/projects/1260445854/automatic-rubber-band-blaster-kit
999989588,/projects/yathletics/silverair-odorless-athletic-shirts-made-with-pure
999989588,/projects/stantt/stantt-casual-shirts-that-fit-like-theyre-tailored
999989477,/projects/1160867683/if-we-dont-go-a-csun-senior-film
999989285,/projects/amandapalmer/amanda-palmer-the-new-record-art-book-and-tour
999988986,/projects/859748664/snappgrip-full-control-of-your-phones-camera-with
999988832,/projects/95339652/native-jazz-workshop
999988109,/projects/1171859847/torso-amazing-ultra-portable-cables-for-iphone-and
999988109,/projects/alexklein/kano-a-computer-anyone-can-make
999987407,/projects/2020441411/broken-river-books-year-two-march-madness
999987407,/projects/feliciabartonmusic/lost-words-felicia-bartons-debut-solo-project
999987394,/projects/550883827/vanishing-a-short-film
999987188,/projects/1577897829/skirmish-an-addicting-10-min-card-game-cooler-than
999987016,/projects/radiate/radiate-athletics-the-future-of-sports-apparel
999986902,/projects/801006775/headlock-security-0
999986845,/projects/melissamcdaniel/pit-bull-photo-book
