999999643,https://ksr-ugc.imgix.net/missing_user_avatar.png?v=&amp;w=160&amp;h=160&amp;fit=crop&amp;auto=format&amp;q=92&amp;s=d0295a3e2f5dc353af440df9d5048b5a
999999531,https://ksr-ugc.imgix.net/missing_user_avatar.png?v=&amp;w=160&amp;h=160&amp;fit=crop&amp;auto=format&amp;q=92&amp;s=d0295a3e2f5dc353af440df9d5048b5a
999999286,https://ksr-ugc.imgix.net/missing_user_avatar.png?v=&amp;w=160&amp;h=160&amp;fit=crop&amp;auto=format&amp;q=92&amp;s=d0295a3e2f5dc353af440df9d5048b5a
999999175,https://ksr-ugc.imgix.net/missing_user_avatar.png?v=&amp;w=160&amp;h=160&amp;fit=crop&amp;auto=format&amp;q=92&amp;s=d0295a3e2f5dc353af440df9d5048b5a
999998850,https://ksr-ugc.imgix.net/avatars/5543442/fb_profile_picture.original.jpg?v=1361298591&amp;w=160&amp;h=160&amp;fit=crop&amp;auto=format&amp;q=92&amp;s=474acc3298d432491f8678aeb813679c
999998804,https://ksr-ugc.imgix.net/avatars/12183484/2557839646021905238.original.jpg?v=1447731507&amp;w=220&amp;h=220&amp;fit=crop&amp;auto=format&amp;q=92&amp;s=e7f86183f44acd9560f0121d6febff8b
999998633,https://ksr-ugc.imgix.net/avatars/10279567/fb_profile_picture.original.jpg?v=1397403414&amp;w=160&amp;h=160&amp;fit=crop&amp;auto=format&amp;q=92&amp;s=ee52fb5dae3b3d6b3ffc9903c0a06d2f
999997928,https://ksr-ugc.imgix.net/avatars/3927661/IMG_3267.original.JPG?v=1346445076&amp;w=160&amp;h=160&amp;fit=crop&amp;auto=format&amp;q=92&amp;s=81052e6c6b28df3b4494d0f2441a433b
999997891,https://ksr-ugc.imgix.net/avatars/16340628/fb_profile_picture.original.jpeg?v=1431749485&amp;w=160&amp;h=160&amp;fit=crop&amp;auto=format&amp;q=92&amp;s=b44c887ba145ef9ea4996d05354b875f
999997509,https://ksr-ugc.imgix.net/missing_user_avatar.png?v=&amp;w=160&amp;h=160&amp;fit=crop&amp;auto=format&amp;q=92&amp;s=d0295a3e2f5dc353af440df9d5048b5a
999997419,https://ksr-ugc.imgix.net/missing_user_avatar.png?v=&amp;w=160&amp;h=160&amp;fit=crop&amp;auto=format&amp;q=92&amp;s=d0295a3e2f5dc353af440df9d5048b5a
999997360,https://ksr-ugc.imgix.net/missing_user_avatar.png?v=&amp;w=160&amp;h=160&amp;fit=crop&amp;auto=format&amp;q=92&amp;s=d0295a3e2f5dc353af440df9d5048b5a
999997151,https://ksr-ugc.imgix.net/missing_user_avatar.png?v=&amp;w=160&amp;h=160&amp;fit=crop&amp;auto=format&amp;q=92&amp;s=d0295a3e2f5dc353af440df9d5048b5a
999997092,https://ksr-ugc.imgix.net/missing_user_avatar.png?v=&amp;w=160&amp;h=160&amp;fit=crop&amp;auto=format&amp;q=92&amp;s=d0295a3e2f5dc353af440df9d5048b5a
999996999,https://ksr-ugc.imgix.net/missing_user_avatar.png?v=&amp;w=160&amp;h=160&amp;fit=crop&amp;auto=format&amp;q=92&amp;s=d0295a3e2f5dc353af440df9d5048b5a
999996926,https://ksr-ugc.imgix.net/missing_user_avatar.png?v=&amp;w=160&amp;h=160&amp;fit=crop&amp;auto=format&amp;q=92&amp;s=d0295a3e2f5dc353af440df9d5048b5a
999996484,https://ksr-ugc.imgix.net/missing_user_avatar.png?v=&amp;w=160&amp;h=160&amp;fit=crop&amp;auto=format&amp;q=92&amp;s=d0295a3e2f5dc353af440df9d5048b5a
999996192,https://ksr-ugc.imgix.net/missing_user_avatar.png?v=&amp;w=160&amp;h=160&amp;fit=crop&amp;auto=format&amp;q=92&amp;s=d0295a3e2f5dc353af440df9d5048b5a
999996134,https://ksr-ugc.imgix.net/avatars/8049829/fb_profile_picture.original.jpg?v=1379524159&amp;w=160&amp;h=160&amp;fit=crop&amp;auto=format&amp;q=92&amp;s=305425314b81b7fd9f6c2b50ed819dbd
999995756,https://ksr-ugc.imgix.net/avatars/11211378/fb_profile_picture.original.jpeg?v=1404308787&amp;w=160&amp;h=160&amp;fit=crop&amp;auto=format&amp;q=92&amp;s=309e235419fdbbaf26374f4b14a135cf
999995468,https://ksr-ugc.imgix.net/missing_user_avatar.png?v=&amp;w=160&amp;h=160&amp;fit=crop&amp;auto=format&amp;q=92&amp;s=d0295a3e2f5dc353af440df9d5048b5a
999995211,https://ksr-ugc.imgix.net/avatars/6800618/fb_profile_picture.original.jpg?v=1401395029&amp;w=160&amp;h=160&amp;fit=crop&amp;auto=format&amp;q=92&amp;s=224c16440aa4658f72f71a37bd9d2810
999994509,https://ksr-ugc.imgix.net/missing_user_avatar.png?v=&amp;w=160&amp;h=160&amp;fit=crop&amp;auto=format&amp;q=92&amp;s=d0295a3e2f5dc353af440df9d5048b5a
999994152,https://ksr-ugc.imgix.net/missing_user_avatar.png?v=&amp;w=160&amp;h=160&amp;fit=crop&amp;auto=format&amp;q=92&amp;s=d0295a3e2f5dc353af440df9d5048b5a
999994040,https://ksr-ugc.imgix.net/missing_user_avatar.png?v=&amp;w=160&amp;h=160&amp;fit=crop&amp;auto=format&amp;q=92&amp;s=d0295a3e2f5dc353af440df9d5048b5a
999993979,https://ksr-ugc.imgix.net/missing_user_avatar.png?v=&amp;w=160&amp;h=160&amp;fit=crop&amp;auto=format&amp;q=92&amp;s=d0295a3e2f5dc353af440df9d5048b5a
999993453,https://ksr-ugc.imgix.net/missing_user_avatar.png?v=&amp;w=160&amp;h=160&amp;fit=crop&amp;auto=format&amp;q=92&amp;s=d0295a3e2f5dc353af440df9d5048b5a
999993012,https://ksr-ugc.imgix.net/missing_user_avatar.png?v=&amp;w=160&amp;h=160&amp;fit=crop&amp;auto=format&amp;q=92&amp;s=d0295a3e2f5dc353af440df9d5048b5a
999992664,https://ksr-ugc.imgix.net/missing_user_avatar.png?v=&amp;w=160&amp;h=160&amp;fit=crop&amp;auto=format&amp;q=92&amp;s=d0295a3e2f5dc353af440df9d5048b5a
999992598,https://ksr-ugc.imgix.net/missing_user_avatar.png?v=&amp;w=160&amp;h=160&amp;fit=crop&amp;auto=format&amp;q=92&amp;s=d0295a3e2f5dc353af440df9d5048b5a
999992226,https://ksr-ugc.imgix.net/missing_user_avatar.png?v=&amp;w=160&amp;h=160&amp;fit=crop&amp;auto=format&amp;q=92&amp;s=d0295a3e2f5dc353af440df9d5048b5a
999991919,https://ksr-ugc.imgix.net/missing_user_avatar.png?v=&amp;w=160&amp;h=160&amp;fit=crop&amp;auto=format&amp;q=92&amp;s=d0295a3e2f5dc353af440df9d5048b5a
999991754,https://ksr-ugc.imgix.net/missing_user_avatar.png?v=&amp;w=160&amp;h=160&amp;fit=crop&amp;auto=format&amp;q=92&amp;s=d0295a3e2f5dc353af440df9d5048b5a
999991554,https://ksr-ugc.imgix.net/missing_user_avatar.png?v=&amp;w=160&amp;h=160&amp;fit=crop&amp;auto=format&amp;q=92&amp;s=d0295a3e2f5dc353af440df9d5048b5a
999991515,https://ksr-ugc.imgix.net/missing_user_avatar.png?v=&amp;w=160&amp;h=160&amp;fit=crop&amp;auto=format&amp;q=92&amp;s=d0295a3e2f5dc353af440df9d5048b5a
999991453,https://ksr-ugc.imgix.net/missing_user_avatar.png?v=&amp;w=160&amp;h=160&amp;fit=crop&amp;auto=format&amp;q=92&amp;s=d0295a3e2f5dc353af440df9d5048b5a
999991352,https://ksr-ugc.imgix.net/missing_user_avatar.png?v=&amp;w=160&amp;h=160&amp;fit=crop&amp;auto=format&amp;q=92&amp;s=d0295a3e2f5dc353af440df9d5048b5a
999991157,https://ksr-ugc.imgix.net/missing_user_avatar.png?v=&amp;w=160&amp;h=160&amp;fit=crop&amp;auto=format&amp;q=92&amp;s=d0295a3e2f5dc353af440df9d5048b5a
999990991,https://ksr-ugc.imgix.net/missing_user_avatar.png?v=&amp;w=160&amp;h=160&amp;fit=crop&amp;auto=format&amp;q=92&amp;s=d0295a3e2f5dc353af440df9d5048b5a
999990895,https://ksr-ugc.imgix.net/missing_user_avatar.png?v=&amp;w=160&amp;h=160&amp;fit=crop&amp;auto=format&amp;q=92&amp;s=d0295a3e2f5dc353af440df9d5048b5a
999990603,https://ksr-ugc.imgix.net/avatars/1718297/fb_profile_picture.original.jpg?v=1400640500&amp;w=160&amp;h=160&amp;fit=crop&amp;auto=format&amp;q=92&amp;s=6457a5bdf5d89bd18497b0fec16b0885
999990452,https://ksr-ugc.imgix.net/missing_user_avatar.png?v=&amp;w=160&amp;h=160&amp;fit=crop&amp;auto=format&amp;q=92&amp;s=d0295a3e2f5dc353af440df9d5048b5a
999990086,https://ksr-ugc.imgix.net/avatars/17275088/fb_profile_picture.original.jpeg?v=1436380845&amp;w=160&amp;h=160&amp;fit=crop&amp;auto=format&amp;q=92&amp;s=964724a01f9ca71d84afc12a8092d70b
999989588,https://ksr-ugc.imgix.net/missing_user_avatar.png?v=&amp;w=160&amp;h=160&amp;fit=crop&amp;auto=format&amp;q=92&amp;s=d0295a3e2f5dc353af440df9d5048b5a
999989477,https://ksr-ugc.imgix.net/missing_user_avatar.png?v=&amp;w=160&amp;h=160&amp;fit=crop&amp;auto=format&amp;q=92&amp;s=d0295a3e2f5dc353af440df9d5048b5a
999989285,https://ksr-ugc.imgix.net/missing_user_avatar.png?v=&amp;w=160&amp;h=160&amp;fit=crop&amp;auto=format&amp;q=92&amp;s=d0295a3e2f5dc353af440df9d5048b5a
999988986,https://ksr-ugc.imgix.net/missing_user_avatar.png?v=&amp;w=160&amp;h=160&amp;fit=crop&amp;auto=format&amp;q=92&amp;s=d0295a3e2f5dc353af440df9d5048b5a
999988832,https://ksr-ugc.imgix.net/missing_user_avatar.png?v=&amp;w=160&amp;h=160&amp;fit=crop&amp;auto=format&amp;q=92&amp;s=d0295a3e2f5dc353af440df9d5048b5a
,
999988331,
999988109,https://ksr-ugc.imgix.net/missing_user_avatar.png?v=&amp;w=160&amp;h=160&amp;fit=crop&amp;auto=format&amp;q=92&amp;s=d0295a3e2f5dc353af440df9d5048b5a
,
,
999987407,https://ksr-ugc.imgix.net/missing_user_avatar.png?v=&amp;w=160&amp;h=160&amp;fit=crop&amp;auto=format&amp;q=92&amp;s=d0295a3e2f5dc353af440df9d5048b5a
,
999987394,https://ksr-ugc.imgix.net/missing_user_avatar.png?v=&amp;w=160&amp;h=160&amp;fit=crop&amp;auto=format&amp;q=92&amp;s=d0295a3e2f5dc353af440df9d5048b5a
,
999987188,https://ksr-ugc.imgix.net/missing_user_avatar.png?v=&amp;w=160&amp;h=160&amp;fit=crop&amp;auto=format&amp;q=92&amp;s=d0295a3e2f5dc353af440df9d5048b5a
,
999987016,https://ksr-ugc.imgix.net/missing_user_avatar.png?v=&amp;w=160&amp;h=160&amp;fit=crop&amp;auto=format&amp;q=92&amp;s=d0295a3e2f5dc353af440df9d5048b5a
,
999986902,https://ksr-ugc.imgix.net/missing_user_avatar.png?v=&amp;w=160&amp;h=160&amp;fit=crop&amp;auto=format&amp;q=92&amp;s=d0295a3e2f5dc353af440df9d5048b5a
999986845,https://ksr-ugc.imgix.net/missing_user_avatar.png?v=&amp;w=160&amp;h=160&amp;fit=crop&amp;auto=format&amp;q=92&amp;s=d0295a3e2f5dc353af440df9d5048b5a
,
