799977175,/projects/1018340123/wizard-school
799977175,/projects/1847552530/imbue-the-magnetic-tea-infusing-vessel
799977175,/projects/elanlee/exploding-kittens
799977175,/projects/627698696/havok-disrupting-luxury-watches
799977175,/projects/encarded/tendril-ascendant-and-nightfall-custom-playing-car
799977175,/projects/745592332/the-fred-water-flask-more-water-less-sugar
799977175,/projects/505428730/blink-wire-free-hd-home-monitoring-and-alert-syste
799977175,/projects/1562350776/zenlet-amazingly-intuitive-wallet
799977175,/projects/3000moments/3000-moments
799977175,/projects/136598712/fym-hot-sauce-spicy-and-flavorful-from-fresh-ingre
799977175,/projects/721054906/real-python-advanced-web-development-featuring-dja
799977175,/projects/leafcutterdesigns/trade-tokens-a-currency-of-kindness
799977175,/projects/1869987317/wish-i-was-here-1
799977175,/projects/1940696606/sullivans-sluggers-baseball-horror-graphic-novel-e
799977175,/projects/1334937359/god-hates-astronauts-the-completely-complete-editi
799977175,/projects/nfnt/the-big-face-woody
799977159,/projects/1235588014/symple-id-ditch-your-password-and-grab-your-phone
799976070,/projects/1303621324/grape-sodas-debut-album-on-vinyl
799976057,/projects/1308561559/how-to-grow-a-band
799976057,/projects/schwaber/the-porchlight-sessions
799975982,/projects/1303300988/pork0
799975317,/projects/aidsactivistproject/the-aids-activist-project
799975317,/projects/bigdipper/vibin-big-dipper-music-video
799975317,/projects/1682257709/growing-the-farm-feeding-mississippi
799974939,/projects/451963128/armature-nine-can-it-go-retail
799974939,/projects/dango/healers-at-dream-spa
799974939,/projects/ifyw/manifest
799974939,/projects/madgod/phil-tippetts-mad-god
799974894,/projects/peak-design/the-everyday-messenger-a-bag-for-cameras-and-essen
799974894,/projects/305251342/icons-of-the-web-poster
799974894,/projects/geniscarreras/philographics-big-ideas-in-simple-shapes
799974894,/projects/1552039530/grip-clip-pencil-hero
799974894,/projects/robocat/thermodo-the-tiny-thermometer-for-mobile-devices
799974894,/projects/myidkey/myidkey-passwords-at-the-tip-of-your-finger
799974894,/projects/dxt/stylex-the-3-in-1-writing-tool
799974894,/projects/gadgetomi/minimalist-by-capsule-the-definitive-essentials-wa
799974832,/projects/iga/bloodstained-ritual-of-the-night
799974437,/projects/elanlee/exploding-kittens
799973947,/projects/982033319/vandalyzms-newest-ep-the-end-all-be-all
799973665,/projects/14982041/rhyme-and-reason-a-book-about-the-poetry-of-leader
799973665,/projects/1757826396/how-to-make-it-to-the-promised-land-a-short-film-0
799973665,/projects/mbs348/diaspora-the-personally-controlled-do-it-all-distr
799973598,/projects/858903450/mad-genius-radio
799973232,/projects/605172623/jj-hellers-very-first-childrens-book-a-bedtime-sto
799973232,/projects/1046922831/yank-original-cast-album
799973232,/projects/embraceplus/embrace-a-smart-piece-of-wearable-technology
799973232,/projects/858783783/the-perks-of-writing-a-musical
799973152,/projects/officialnanamensah/queen-of-glorys-post-production-campaign
799973106,/projects/415573370/door-rack-for-your-coats-clothes-and-accessories
799972684,/projects/768400645/the-natural-scoop-ice-cream-truck
799972620,/projects/mightyno9/mighty-no-9
799972386,/projects/waynealandunbar/page-to-stage-presents
799972386,/projects/waynealandunbar/she-said-she-said-goes-to-manhattan-repertory-thea
799972376,/projects/bushing/openvizsla-open-source-usb-protocol-analyzer
799972068,/projects/1345689891/the-english-martial-arts
799972068,/projects/1953801310/mmpr-a-mighty-morphin-power-rangers-fan-film
799971889,/projects/482445197/unsung-story-tale-of-the-guardians
799971878,/projects/1364544495/life-is-cheap
799971878,/projects/22595538/the-killing-of-tony-blair
799971465,/projects/2048202604/creepy-castle
799971150,/projects/wintersmiths/the-ice-chest-four-clear-slow-melting-ice-spheres
799971150,/projects/1943284229/black-label-brewing-company
799970768,/projects/1851438890/the-travoltas
799970768,/projects/griffinhouse/griffin-house-new-record-release-and-tour
799970768,/projects/943719411/the-rebecca-west-ep-and-merch
799970565,/projects/alexpotter/yemen-a-fine-balance
999917208,/projects/trunkster/trunkster-zipperless-luggage-with-gps-battery-scal
999916424,/projects/milesdysonsphere/formless-forms-physical-release
999916424,/projects/coverville/live-from-the-cantina-a-funky-star-wars-jazz-tribu
999916424,/projects/597507018/pebble-time-awesome-smartwatch-no-compromises
999916424,/projects/1862402066/the-brotherhood-of-the-screaming-abyss
999916424,/projects/655828434/wooden-wand-and-the-briarwood-virgins-lp
999916424,/projects/milesdysonsphere/formless-forms-physical-release
999915991,/projects/2010853438/jo-dee-messinas-new-album
999915949,/projects/1011405285/the-fijian-island-food-cuisine
999915915,/projects/592267588/dearly-departed
999915479,/projects/839358119/teaching-culture-with-new-orleans-food-shape-puzzl
999915374,/projects/webeharebrained/battletech
999915374,/projects/2081578473/pillars-of-eternity-lords-of-the-eastern-reach-car
999915374,/projects/1283899359/bane-tabletop-card-game
999915374,/projects/coolminiornot/zombicide-black-plague
999915374,/projects/2012515236/coup-rebellion-g54
999915374,/projects/coolminiornot/b-sieged-sons-of-the-abyss
999915374,/projects/playtonic/yooka-laylee-a-3d-platformer-rare-vival
999915374,/projects/brotherwise/boss-monster-the-next-level
999915374,/projects/coolminiornot/blood-rage
999915374,/projects/evilhat/dont-turn-your-back
999915374,/projects/elanlee/exploding-kittens
999915374,/projects/maydaygames/viceroy-fantasy-pyramid-card-board-game-1-4-player
999915374,/projects/478379924/operation-faust
999915374,/projects/skyshinegames/bedlam
999915374,/projects/gabedurham/boss-fight-books-season-2
999915374,/projects/michaelmindes/eminent-domain-microcosm-tmg-promos
999915374,/projects/cheapassgames/stuff-and-nonsense
999915374,/projects/1294034747/the-resistance-hostile-intent-and-hidden-agenda
999915374,/projects/hello/sense-know-more-sleep-better
999915374,/projects/coe/tiny-epic-defenders
999915374,/projects/coolminiornot/zombicide-season-3
999915374,/projects/michaelmindes/harbour-master-markets-in-a-fantasy-port
999915374,/projects/coolminiornot/xenoshyft-onslaught
999915374,/projects/readingrainbow/bring-reading-rainbow-back-for-every-child-everywh
999915374,/projects/1027299776/witchmarsh
999915374,/projects/152730994/conquest-of-speros
999915374,/projects/2012515236/dragon-slayer-0
999915374,/projects/2012515236/coup-reformation-kickstarter-edition
999915374,/projects/cheapassgames/pairs-a-new-classic-pub-game
999915374,/projects/478379924/draco-magi
999915374,/projects/751733865/smartscope-reinventing-the-oscilloscope
999915374,/projects/evilhat/zeppelin-attack
999915374,/projects/magecompany/machina-arcana
999915374,/projects/1941136212/iron-and-ale-0
999915374,/projects/51318376/wands-fantasy-card-game
999915374,/projects/971032770/privateer-0
999915374,/projects/michaelmindes/dungeon-roll-winter-promo-pack-0
999915374,/projects/twotumbleweeds/foodie-dice-play-with-your-food
999915374,/projects/1695965608/nice-mug-a-reusable-kit-to-make-your-own-ice-mugs
999915374,/projects/laurob/a-duel-betwixt-us
999915374,/projects/gamesalute/kings-forge
999915374,/projects/gamesalute/firefly-out-to-the-black
999915374,/projects/409030043/warmachine-tactics
999915374,/projects/5livesstudios/satellite-reign
999915374,/projects/david-toledo/the-practical-meter-know-your-power
999915374,/projects/doublefine/double-fines-massive-chalice
999915374,/projects/1817423053/whats-he-building-in-there-0
999915374,/projects/coolminiornot/zombicide-season-2
999915374,/projects/michaelmindes/dungeon-roll-a-dicey-dungeon-delve
999915374,/projects/inxile/torment-tides-of-numenera
999915374,/projects/cig/star-citizen
999915374,/projects/obsidian/project-eternity
999915361,/projects/1037808882/bring-snow-white-and-the-seven-bottoms-to-nyc-0
999915074,/projects/1830682314/reading-college-end-of-year-degree-show
999915069,/projects/snappower/snappower-charger-a-usb-charger-in-a-coverplate-no
999915069,/projects/handground/precision-coffee-grinder-better-grind-more-flavor
999915069,/projects/257343501/breaking-bad-playing-cards
999915069,/projects/119477083/vertus-same-bluetooth-audio-on-two-different-speak
999915069,/projects/2065501355/smartkey-free-your-pocket
999915069,/projects/dcxvclothing/i-believe-in-us
999914913,/projects/webeharebrained/battletech
999914913,/projects/webeharebrained/shadowrun-hong-kong
999914913,/projects/435243061/the-new-order-66-podcast
999914913,/projects/webeharebrained/shadowrun-returns
999914913,/projects/435243061/edition-wars-by-gamer-nation-studios
999913258,/projects/beehivecollective/hatch-the-beehives-epic-story-graphic-mesoamerica
999913074,/projects/794873626/day-after-the-revolution
999913056,/projects/1995527181/one-more-girl-documentary
999912622,/projects/byronchan/las-vegas-story
999912599,/projects/182589807/professional-live-broadcast-for-parkour-napc
999912537,/projects/structurefilms/the-bill-nye-film
999912537,/projects/awarestack/awarecar-make-any-car-smarter-for-9
999912537,/projects/2067223635/trasense-movement-the-smartest-daily-tracker-for-u
999912537,/projects/1081494817/be-link-bluetooth-surround-sound-for-your-helmet
999912537,/projects/aumi/aumi-reinventing-the-night-light
999912537,/projects/cogent/hangkey-ultimate-titanium-pocket-clip-keyholder-fo
999912537,/projects/glowbowl/glowbowl-motion-activated-night-light-for-your-toi
999912537,/projects/903888394/arduboy-card-sized-gaming
999912537,/projects/1598272670/chip-the-worlds-first-9-computer
999912537,/projects/onion/onion-omega-invention-platform-for-the-internet-of
999912462,/projects/403675975/the-fallen-cosmos
999912372,/projects/luckandlevity/the-fermentiation-center-at-luck-and-levity
999912324,/projects/antonyevans/glowing-plants-natural-lighting-with-no-electricit
999912324,/projects/mattiaslepp/smart-herb-garden-by-click-and-grow
999912324,/projects/radiate/radiate-athletics-the-future-of-sports-apparel
999912324,/projects/annafischer/the-wild-places
999912324,/projects/robocat/thermodo-the-tiny-thermometer-for-mobile-devices
999912324,/projects/156287353/the-tomorrow-girl-dresden-codak-volume-1
999912324,/projects/914635363/lace-anchors-20-a-simple-design-for-simple-people
999912324,/projects/redthread/dreamfall-chapters-the-longest-journey
999912324,/projects/brandongriswold/manly-marks-a-letterpress-project
999912324,/projects/77243737/dust-donuttm-add-a-weather-seal-to-the-mount-of-an
999912324,/projects/1682938109/robo-3d-printer
999912324,/projects/freddiew/video-game-high-school-season-two
999912063,/projects/340550512/twiddles-2nd-album-somewhere-on-the-mountain
999911889,/projects/403739266/mustache-wax-and-beard-oil-road-trip
999911768,/projects/630145984/when-we-sing
999911606,/projects/oscarmike/oscar-mike-american-made-lifestyle-brand
999911223,/projects/jameystegmaier/scythe
999911096,/projects/gianpaolopietri/el-voto-hispano-the-documentary
