799977175,https://ksr-ugc.imgix.net/avatars/5095809/fb_profile_picture.original.jpg?v=1359445920&amp;w=160&amp;h=160&amp;fit=crop&amp;auto=format&amp;q=92&amp;s=c7956787331c64865b988f9f0406e642
799977159,https://ksr-ugc.imgix.net/missing_user_avatar.png?v=&amp;w=160&amp;h=160&amp;fit=crop&amp;auto=format&amp;q=92&amp;s=d0295a3e2f5dc353af440df9d5048b5a
799976070,https://ksr-ugc.imgix.net/missing_user_avatar.png?v=&amp;w=160&amp;h=160&amp;fit=crop&amp;auto=format&amp;q=92&amp;s=d0295a3e2f5dc353af440df9d5048b5a
799976057,https://ksr-ugc.imgix.net/avatars/2613051/fb_profile_picture.original.jpg?v=1368737217&amp;w=160&amp;h=160&amp;fit=crop&amp;auto=format&amp;q=92&amp;s=31aa3f36654c256168fb1227d905a6ee
799975982,https://ksr-ugc.imgix.net/missing_user_avatar.png?v=&amp;w=160&amp;h=160&amp;fit=crop&amp;auto=format&amp;q=92&amp;s=d0295a3e2f5dc353af440df9d5048b5a
799975317,https://ksr-ugc.imgix.net/missing_user_avatar.png?v=&amp;w=160&amp;h=160&amp;fit=crop&amp;auto=format&amp;q=92&amp;s=d0295a3e2f5dc353af440df9d5048b5a
799974939,https://ksr-ugc.imgix.net/missing_user_avatar.png?v=&amp;w=160&amp;h=160&amp;fit=crop&amp;auto=format&amp;q=92&amp;s=d0295a3e2f5dc353af440df9d5048b5a
799974894,https://ksr-ugc.imgix.net/missing_user_avatar.png?v=&amp;w=160&amp;h=160&amp;fit=crop&amp;auto=format&amp;q=92&amp;s=d0295a3e2f5dc353af440df9d5048b5a
799974832,https://ksr-ugc.imgix.net/avatars/12114821/fb_profile_picture.original.jpeg?v=1434215499&amp;w=160&amp;h=160&amp;fit=crop&amp;auto=format&amp;q=92&amp;s=11949d17f39806fef297ec4d2f592fea
799974437,https://ksr-ugc.imgix.net/avatars/14138965/fb_profile_picture.original.jpeg?v=1424244511&amp;w=160&amp;h=160&amp;fit=crop&amp;auto=format&amp;q=92&amp;s=10eb714a09a65d333928aea22eac4f09
799973947,https://ksr-ugc.imgix.net/missing_user_avatar.png?v=&amp;w=160&amp;h=160&amp;fit=crop&amp;auto=format&amp;q=92&amp;s=d0295a3e2f5dc353af440df9d5048b5a
799973665,https://ksr-ugc.imgix.net/missing_user_avatar.png?v=&amp;w=160&amp;h=160&amp;fit=crop&amp;auto=format&amp;q=92&amp;s=d0295a3e2f5dc353af440df9d5048b5a
799973598,https://ksr-ugc.imgix.net/avatars/14287348/20150124_165855.original.jpg?v=1424981564&amp;w=160&amp;h=160&amp;fit=crop&amp;auto=format&amp;q=92&amp;s=6d70ea06282acdf967f34cada1591720
799973232,https://ksr-ugc.imgix.net/missing_user_avatar.png?v=&amp;w=160&amp;h=160&amp;fit=crop&amp;auto=format&amp;q=92&amp;s=d0295a3e2f5dc353af440df9d5048b5a
799973152,https://ksr-ugc.imgix.net/missing_user_avatar.png?v=&amp;w=160&amp;h=160&amp;fit=crop&amp;auto=format&amp;q=92&amp;s=d0295a3e2f5dc353af440df9d5048b5a
799973106,https://ksr-ugc.imgix.net/missing_user_avatar.png?v=&amp;w=160&amp;h=160&amp;fit=crop&amp;auto=format&amp;q=92&amp;s=d0295a3e2f5dc353af440df9d5048b5a
799972684,https://ksr-ugc.imgix.net/missing_user_avatar.png?v=&amp;w=160&amp;h=160&amp;fit=crop&amp;auto=format&amp;q=92&amp;s=d0295a3e2f5dc353af440df9d5048b5a
799972620,https://ksr-ugc.imgix.net/missing_user_avatar.png?v=&amp;w=160&amp;h=160&amp;fit=crop&amp;auto=format&amp;q=92&amp;s=d0295a3e2f5dc353af440df9d5048b5a
799972386,https://ksr-ugc.imgix.net/missing_user_avatar.png?v=&amp;w=160&amp;h=160&amp;fit=crop&amp;auto=format&amp;q=92&amp;s=d0295a3e2f5dc353af440df9d5048b5a
799972376,https://ksr-ugc.imgix.net/missing_user_avatar.png?v=&amp;w=160&amp;h=160&amp;fit=crop&amp;auto=format&amp;q=92&amp;s=d0295a3e2f5dc353af440df9d5048b5a
799972068,https://ksr-ugc.imgix.net/missing_user_avatar.png?v=&amp;w=160&amp;h=160&amp;fit=crop&amp;auto=format&amp;q=92&amp;s=d0295a3e2f5dc353af440df9d5048b5a
799971889,https://ksr-ugc.imgix.net/missing_user_avatar.png?v=&amp;w=160&amp;h=160&amp;fit=crop&amp;auto=format&amp;q=92&amp;s=d0295a3e2f5dc353af440df9d5048b5a
799971878,https://ksr-ugc.imgix.net/avatars/8156877/fb_profile_picture.original.jpg?v=1380286330&amp;w=160&amp;h=160&amp;fit=crop&amp;auto=format&amp;q=92&amp;s=c3d89f5dd06cf7193b8d175ced818a3b
799971465,https://ksr-ugc.imgix.net/missing_user_avatar.png?v=&amp;w=160&amp;h=160&amp;fit=crop&amp;auto=format&amp;q=92&amp;s=d0295a3e2f5dc353af440df9d5048b5a
799971150,https://ksr-ugc.imgix.net/avatars/5502853/fb_profile_picture.original.jpg?v=1362787275&amp;w=160&amp;h=160&amp;fit=crop&amp;auto=format&amp;q=92&amp;s=382b55b3c385f125567c7858540d2cfb
799970768,https://ksr-ugc.imgix.net/avatars/3454429/fb_profile_picture.original.jpg?v=1342703559&amp;w=160&amp;h=160&amp;fit=crop&amp;auto=format&amp;q=92&amp;s=3f480219efff4df92e616345da2f8a15
799970565,https://ksr-ugc.imgix.net/avatars/3144416/fb_profile_picture.original.jpg?v=1340302196&amp;w=160&amp;h=160&amp;fit=crop&amp;auto=format&amp;q=92&amp;s=90784b2ed6b4f9e03ac70df985f99def
999917208,https://ksr-ugc.imgix.net/missing_user_avatar.png?v=&amp;w=160&amp;h=160&amp;fit=crop&amp;auto=format&amp;q=92&amp;s=d0295a3e2f5dc353af440df9d5048b5a
999916424,https://ksr-ugc.imgix.net/avatars/507511/fb_profile_picture.original.jpg?v=1302029583&amp;w=220&amp;h=220&amp;fit=crop&amp;auto=format&amp;q=92&amp;s=0bd5d60a258a812b4882e3aa92c12107
999915991,https://ksr-ugc.imgix.net/missing_user_avatar.png?v=&amp;w=160&amp;h=160&amp;fit=crop&amp;auto=format&amp;q=92&amp;s=d0295a3e2f5dc353af440df9d5048b5a
999915949,https://ksr-ugc.imgix.net/missing_user_avatar.png?v=&amp;w=160&amp;h=160&amp;fit=crop&amp;auto=format&amp;q=92&amp;s=d0295a3e2f5dc353af440df9d5048b5a
999915915,https://ksr-ugc.imgix.net/missing_user_avatar.png?v=&amp;w=160&amp;h=160&amp;fit=crop&amp;auto=format&amp;q=92&amp;s=d0295a3e2f5dc353af440df9d5048b5a
999915479,https://ksr-ugc.imgix.net/missing_user_avatar.png?v=&amp;w=160&amp;h=160&amp;fit=crop&amp;auto=format&amp;q=92&amp;s=d0295a3e2f5dc353af440df9d5048b5a
999915374,https://ksr-ugc.imgix.net/avatars/4387013/fb_profile_picture.original.jpg?v=1353105875&amp;w=160&amp;h=160&amp;fit=crop&amp;auto=format&amp;q=92&amp;s=2ee67c12461b527970094a97f872f324
999915361,https://ksr-ugc.imgix.net/missing_user_avatar.png?v=&amp;w=160&amp;h=160&amp;fit=crop&amp;auto=format&amp;q=92&amp;s=d0295a3e2f5dc353af440df9d5048b5a
999915074,https://ksr-ugc.imgix.net/missing_user_avatar.png?v=&amp;w=160&amp;h=160&amp;fit=crop&amp;auto=format&amp;q=92&amp;s=d0295a3e2f5dc353af440df9d5048b5a
999915069,https://ksr-ugc.imgix.net/missing_user_avatar.png?v=&amp;w=160&amp;h=160&amp;fit=crop&amp;auto=format&amp;q=92&amp;s=d0295a3e2f5dc353af440df9d5048b5a
999914913,https://ksr-ugc.imgix.net/missing_user_avatar.png?v=&amp;w=160&amp;h=160&amp;fit=crop&amp;auto=format&amp;q=92&amp;s=d0295a3e2f5dc353af440df9d5048b5a
999914335,
999913258,https://ksr-ugc.imgix.net/missing_user_avatar.png?v=&amp;w=160&amp;h=160&amp;fit=crop&amp;auto=format&amp;q=92&amp;s=d0295a3e2f5dc353af440df9d5048b5a
999913074,https://ksr-ugc.imgix.net/missing_user_avatar.png?v=&amp;w=160&amp;h=160&amp;fit=crop&amp;auto=format&amp;q=92&amp;s=d0295a3e2f5dc353af440df9d5048b5a
999913056,https://ksr-ugc.imgix.net/missing_user_avatar.png?v=&amp;w=160&amp;h=160&amp;fit=crop&amp;auto=format&amp;q=92&amp;s=d0295a3e2f5dc353af440df9d5048b5a
999912622,https://ksr-ugc.imgix.net/avatars/7356626/fb_profile_picture.original.jpg?v=1374169298&amp;w=160&amp;h=160&amp;fit=crop&amp;auto=format&amp;q=92&amp;s=1c154e08fed234837be71e3781742979
999912599,https://ksr-ugc.imgix.net/avatars/10661622/fb_profile_picture.original.jpg?v=1400108162&amp;w=160&amp;h=160&amp;fit=crop&amp;auto=format&amp;q=92&amp;s=a174e34eff53f8c081f02d08d7496e3d
999912537,https://ksr-ugc.imgix.net/avatars/14799817/fb_profile_picture.original.jpeg?v=1428191854&amp;w=160&amp;h=160&amp;fit=crop&amp;auto=format&amp;q=92&amp;s=05b62fb87387e423fe493208b7a86ff4
999912462,https://ksr-ugc.imgix.net/missing_user_avatar.png?v=&amp;w=160&amp;h=160&amp;fit=crop&amp;auto=format&amp;q=92&amp;s=d0295a3e2f5dc353af440df9d5048b5a
999912372,https://ksr-ugc.imgix.net/missing_user_avatar.png?v=&amp;w=160&amp;h=160&amp;fit=crop&amp;auto=format&amp;q=92&amp;s=d0295a3e2f5dc353af440df9d5048b5a
999912324,https://ksr-ugc.imgix.net/avatars/5159125/fb_profile_picture.original.jpg?v=1357934553&amp;w=160&amp;h=160&amp;fit=crop&amp;auto=format&amp;q=92&amp;s=ef2c2ef89d0cdea467d1033e8f5a3fc8
999912063,https://ksr-ugc.imgix.net/avatars/1380945/tarkus.original.jpg?v=1317020633&amp;w=160&amp;h=160&amp;fit=crop&amp;auto=format&amp;q=92&amp;s=a8adf0a94055d2bc55fb73470ddeea1b
999911889,https://ksr-ugc.imgix.net/missing_user_avatar.png?v=&amp;w=160&amp;h=160&amp;fit=crop&amp;auto=format&amp;q=92&amp;s=d0295a3e2f5dc353af440df9d5048b5a
999911768,https://ksr-ugc.imgix.net/missing_user_avatar.png?v=&amp;w=160&amp;h=160&amp;fit=crop&amp;auto=format&amp;q=92&amp;s=d0295a3e2f5dc353af440df9d5048b5a
999911606,https://ksr-ugc.imgix.net/avatars/7511632/954699_338067122986709_1597849803_n.original.jpg?v=1384548101&amp;w=160&amp;h=160&amp;fit=crop&amp;auto=format&amp;q=92&amp;s=f3ae2b83d72ada5db5426f3eeea15d09
999911223,https://ksr-ugc.imgix.net/missing_user_avatar.png?v=&amp;w=160&amp;h=160&amp;fit=crop&amp;auto=format&amp;q=92&amp;s=d0295a3e2f5dc353af440df9d5048b5a
999911096,https://ksr-ugc.imgix.net/missing_user_avatar.png?v=&amp;w=160&amp;h=160&amp;fit=crop&amp;auto=format&amp;q=92&amp;s=d0295a3e2f5dc353af440df9d5048b5a
