600056,https://ksr-ugc.imgix.net/missing_user_avatar.png?v=&amp;w=160&amp;h=160&amp;fit=crop&amp;auto=format&amp;q=92&amp;s=d0295a3e2f5dc353af440df9d5048b5a
600091,https://ksr-ugc.imgix.net/missing_user_avatar.png?v=&amp;w=160&amp;h=160&amp;fit=crop&amp;auto=format&amp;q=92&amp;s=d0295a3e2f5dc353af440df9d5048b5a
600538,https://ksr-ugc.imgix.net/missing_user_avatar.png?v=&amp;w=160&amp;h=160&amp;fit=crop&amp;auto=format&amp;q=92&amp;s=d0295a3e2f5dc353af440df9d5048b5a
600960,https://ksr-ugc.imgix.net/missing_user_avatar.png?v=&amp;w=160&amp;h=160&amp;fit=crop&amp;auto=format&amp;q=92&amp;s=d0295a3e2f5dc353af440df9d5048b5a
601851,https://ksr-ugc.imgix.net/missing_user_avatar.png?v=&amp;w=160&amp;h=160&amp;fit=crop&amp;auto=format&amp;q=92&amp;s=d0295a3e2f5dc353af440df9d5048b5a
601908,https://ksr-ugc.imgix.net/avatars/3136072/fb_profile_picture.original.jpg?v=1340228615&amp;w=160&amp;h=160&amp;fit=crop&amp;auto=format&amp;q=92&amp;s=68e240f1fa4026388c86b386c0726882
602140,https://ksr-ugc.imgix.net/avatars/8733596/fb_profile_picture.original.jpg?v=1384486472&amp;w=160&amp;h=160&amp;fit=crop&amp;auto=format&amp;q=92&amp;s=0541e80237729234b997d1108dcffd76
602315,https://ksr-ugc.imgix.net/missing_user_avatar.png?v=&amp;w=160&amp;h=160&amp;fit=crop&amp;auto=format&amp;q=92&amp;s=d0295a3e2f5dc353af440df9d5048b5a
602398,https://ksr-ugc.imgix.net/missing_user_avatar.png?v=&amp;w=160&amp;h=160&amp;fit=crop&amp;auto=format&amp;q=92&amp;s=d0295a3e2f5dc353af440df9d5048b5a
602489,https://ksr-ugc.imgix.net/missing_user_avatar.png?v=&amp;w=160&amp;h=160&amp;fit=crop&amp;auto=format&amp;q=92&amp;s=d0295a3e2f5dc353af440df9d5048b5a
602852,https://ksr-ugc.imgix.net/missing_user_avatar.png?v=&amp;w=160&amp;h=160&amp;fit=crop&amp;auto=format&amp;q=92&amp;s=d0295a3e2f5dc353af440df9d5048b5a
603105,https://ksr-ugc.imgix.net/missing_user_avatar.png?v=&amp;w=160&amp;h=160&amp;fit=crop&amp;auto=format&amp;q=92&amp;s=d0295a3e2f5dc353af440df9d5048b5a
603132,https://ksr-ugc.imgix.net/missing_user_avatar.png?v=&amp;w=160&amp;h=160&amp;fit=crop&amp;auto=format&amp;q=92&amp;s=d0295a3e2f5dc353af440df9d5048b5a
603294,https://ksr-ugc.imgix.net/missing_user_avatar.png?v=&amp;w=160&amp;h=160&amp;fit=crop&amp;auto=format&amp;q=92&amp;s=d0295a3e2f5dc353af440df9d5048b5a
603821,https://ksr-ugc.imgix.net/missing_user_avatar.png?v=&amp;w=160&amp;h=160&amp;fit=crop&amp;auto=format&amp;q=92&amp;s=d0295a3e2f5dc353af440df9d5048b5a
609975,https://ksr-ugc.imgix.net/missing_user_avatar.png?v=&amp;w=160&amp;h=160&amp;fit=crop&amp;auto=format&amp;q=92&amp;s=d0295a3e2f5dc353af440df9d5048b5a
610278,https://ksr-ugc.imgix.net/avatars/13061958/fb_profile_picture.original.jpeg?v=1443714389&amp;w=160&amp;h=160&amp;fit=crop&amp;auto=format&amp;q=92&amp;s=4dd2d86d17e70d0dc1c5ae224144d1dd
611081,https://ksr-ugc.imgix.net/avatars/3177043/Usoppbounty.original.jpg?v=1371749849&amp;w=160&amp;h=160&amp;fit=crop&amp;auto=format&amp;q=92&amp;s=5680f42486720290f53d9579c2c70ad2
611093,https://ksr-ugc.imgix.net/avatars/8436814/Igor.original.jpg?v=1382360616&amp;w=160&amp;h=160&amp;fit=crop&amp;auto=format&amp;q=92&amp;s=e3420cdf999eb8f2ec8a37ad376dca50
612120,https://ksr-ugc.imgix.net/missing_user_avatar.png?v=&amp;w=160&amp;h=160&amp;fit=crop&amp;auto=format&amp;q=92&amp;s=d0295a3e2f5dc353af440df9d5048b5a
612362,https://ksr-ugc.imgix.net/avatars/10822348/fb_profile_picture.original.jpg?v=1401329589&amp;w=160&amp;h=160&amp;fit=crop&amp;auto=format&amp;q=92&amp;s=6b55907df5b4d77103bdafd38bfe7a81
612445,https://ksr-ugc.imgix.net/missing_user_avatar.png?v=&amp;w=160&amp;h=160&amp;fit=crop&amp;auto=format&amp;q=92&amp;s=d0295a3e2f5dc353af440df9d5048b5a
612460,https://ksr-ugc.imgix.net/avatars/15359380/image.original.jpg?v=1432217423&amp;w=160&amp;h=160&amp;fit=crop&amp;auto=format&amp;q=92&amp;s=5127193420d8d21c10cc710e1c1453fb
612735,https://ksr-ugc.imgix.net/avatars/7272742/Retrato.original.jpg?v=1373509606&amp;w=160&amp;h=160&amp;fit=crop&amp;auto=format&amp;q=92&amp;s=177a68c28ced12cbf09056ad1d3acffa
613386,https://ksr-ugc.imgix.net/missing_user_avatar.png?v=&amp;w=160&amp;h=160&amp;fit=crop&amp;auto=format&amp;q=92&amp;s=d0295a3e2f5dc353af440df9d5048b5a
613467,https://ksr-ugc.imgix.net/missing_user_avatar.png?v=&amp;w=160&amp;h=160&amp;fit=crop&amp;auto=format&amp;q=92&amp;s=d0295a3e2f5dc353af440df9d5048b5a
614033,https://ksr-ugc.imgix.net/missing_user_avatar.png?v=&amp;w=160&amp;h=160&amp;fit=crop&amp;auto=format&amp;q=92&amp;s=d0295a3e2f5dc353af440df9d5048b5a
614233,https://ksr-ugc.imgix.net/avatars/16008335/fb_profile_picture.original.jpeg?v=1431722341&amp;w=160&amp;h=160&amp;fit=crop&amp;auto=format&amp;q=92&amp;s=f66c2f5ffb16003638efc0ead2cabe17
614434,https://ksr-ugc.imgix.net/missing_user_avatar.png?v=&amp;w=160&amp;h=160&amp;fit=crop&amp;auto=format&amp;q=92&amp;s=d0295a3e2f5dc353af440df9d5048b5a
614556,https://ksr-ugc.imgix.net/missing_user_avatar.png?v=&amp;w=160&amp;h=160&amp;fit=crop&amp;auto=format&amp;q=92&amp;s=d0295a3e2f5dc353af440df9d5048b5a
614837,https://ksr-ugc.imgix.net/missing_user_avatar.png?v=&amp;w=160&amp;h=160&amp;fit=crop&amp;auto=format&amp;q=92&amp;s=d0295a3e2f5dc353af440df9d5048b5a
615359,https://ksr-ugc.imgix.net/missing_user_avatar.png?v=&amp;w=160&amp;h=160&amp;fit=crop&amp;auto=format&amp;q=92&amp;s=d0295a3e2f5dc353af440df9d5048b5a
615496,https://ksr-ugc.imgix.net/missing_user_avatar.png?v=&amp;w=160&amp;h=160&amp;fit=crop&amp;auto=format&amp;q=92&amp;s=d0295a3e2f5dc353af440df9d5048b5a
615573,https://ksr-ugc.imgix.net/avatars/13525934/mattzak.original.jpg?v=1419654504&amp;w=160&amp;h=160&amp;fit=crop&amp;auto=format&amp;q=92&amp;s=ce07c24c96d1f622d75d691ea7c2aef0
615614,https://ksr-ugc.imgix.net/avatars/5794948/fb_profile_picture.original.jpg?v=1362941962&amp;w=160&amp;h=160&amp;fit=crop&amp;auto=format&amp;q=92&amp;s=27ad11db0de0855a1f7e9d9f67cd3e76
615726,https://ksr-ugc.imgix.net/avatars/2826517/fb_profile_picture.original.jpg?v=1337292824&amp;w=160&amp;h=160&amp;fit=crop&amp;auto=format&amp;q=92&amp;s=a30c243fe3f7909f647da1dd44c1e75e
616328,https://ksr-ugc.imgix.net/avatars/7349094/fb_profile_picture.original.jpg?v=1374107930&amp;w=160&amp;h=160&amp;fit=crop&amp;auto=format&amp;q=92&amp;s=4b2f04695d27c7ece8b57160c601b1d8
616390,https://ksr-ugc.imgix.net/missing_user_avatar.png?v=&amp;w=160&amp;h=160&amp;fit=crop&amp;auto=format&amp;q=92&amp;s=d0295a3e2f5dc353af440df9d5048b5a
616449,https://ksr-ugc.imgix.net/missing_user_avatar.png?v=&amp;w=160&amp;h=160&amp;fit=crop&amp;auto=format&amp;q=92&amp;s=d0295a3e2f5dc353af440df9d5048b5a
616876,https://ksr-ugc.imgix.net/avatars/11809738/fb_profile_picture.original.jpeg?v=1407204476&amp;w=160&amp;h=160&amp;fit=crop&amp;auto=format&amp;q=92&amp;s=00b64223dc71bc84a7d959da4dadaeb9
617071,https://ksr-ugc.imgix.net/missing_user_avatar.png?v=&amp;w=160&amp;h=160&amp;fit=crop&amp;auto=format&amp;q=92&amp;s=d0295a3e2f5dc353af440df9d5048b5a
617133,https://ksr-ugc.imgix.net/missing_user_avatar.png?v=&amp;w=160&amp;h=160&amp;fit=crop&amp;auto=format&amp;q=92&amp;s=d0295a3e2f5dc353af440df9d5048b5a
617303,https://ksr-ugc.imgix.net/missing_user_avatar.png?v=&amp;w=160&amp;h=160&amp;fit=crop&amp;auto=format&amp;q=92&amp;s=d0295a3e2f5dc353af440df9d5048b5a
617621,https://ksr-ugc.imgix.net/missing_user_avatar.png?v=&amp;w=160&amp;h=160&amp;fit=crop&amp;auto=format&amp;q=92&amp;s=d0295a3e2f5dc353af440df9d5048b5a
617674,https://ksr-ugc.imgix.net/missing_user_avatar.png?v=&amp;w=160&amp;h=160&amp;fit=crop&amp;auto=format&amp;q=92&amp;s=d0295a3e2f5dc353af440df9d5048b5a
617712,
618024,https://ksr-ugc.imgix.net/missing_user_avatar.png?v=&amp;w=160&amp;h=160&amp;fit=crop&amp;auto=format&amp;q=92&amp;s=d0295a3e2f5dc353af440df9d5048b5a
618510,https://ksr-ugc.imgix.net/avatars/10581164/20140503_134507.original.jpg?v=1404725881&amp;w=160&amp;h=160&amp;fit=crop&amp;auto=format&amp;q=92&amp;s=e09a828d9bec0852a14bb238346215c7
618720,https://ksr-ugc.imgix.net/missing_user_avatar.png?v=&amp;w=160&amp;h=160&amp;fit=crop&amp;auto=format&amp;q=92&amp;s=d0295a3e2f5dc353af440df9d5048b5a
619074,https://ksr-ugc.imgix.net/missing_user_avatar.png?v=&amp;w=160&amp;h=160&amp;fit=crop&amp;auto=format&amp;q=92&amp;s=d0295a3e2f5dc353af440df9d5048b5a
619245,https://ksr-ugc.imgix.net/avatars/8199791/fb_profile_picture.original.jpg?v=1380585829&amp;w=160&amp;h=160&amp;fit=crop&amp;auto=format&amp;q=92&amp;s=4c0c734cfccfecfe98fcdc4991ffcca3
619415,https://ksr-ugc.imgix.net/missing_user_avatar.png?v=&amp;w=160&amp;h=160&amp;fit=crop&amp;auto=format&amp;q=92&amp;s=d0295a3e2f5dc353af440df9d5048b5a
619809,https://ksr-ugc.imgix.net/missing_user_avatar.png?v=&amp;w=160&amp;h=160&amp;fit=crop&amp;auto=format&amp;q=92&amp;s=d0295a3e2f5dc353af440df9d5048b5a
619832,https://ksr-ugc.imgix.net/avatars/5944133/mighty_no9_by_itt0ryu-d6ky00x.original.jpg?v=1378766733&amp;w=160&amp;h=160&amp;fit=crop&amp;auto=format&amp;q=92&amp;s=818e3e05473016eaba4f84b297f15657
620354,https://ksr-ugc.imgix.net/avatars/1934699/fb_profile_picture.original.jpg?v=1328583593&amp;w=160&amp;h=160&amp;fit=crop&amp;auto=format&amp;q=92&amp;s=0f6f0f4f1705d81cb13a67b8ddb60a07
620458,https://ksr-ugc.imgix.net/avatars/7543636/fb_profile_picture.original.jpg?v=1375637151&amp;w=160&amp;h=160&amp;fit=crop&amp;auto=format&amp;q=92&amp;s=c897a66e7fc9693254c634c370f7cc42
620494,https://ksr-ugc.imgix.net/missing_user_avatar.png?v=&amp;w=160&amp;h=160&amp;fit=crop&amp;auto=format&amp;q=92&amp;s=d0295a3e2f5dc353af440df9d5048b5a
620927,https://ksr-ugc.imgix.net/avatars/1644306/fb_profile_picture.original.jpg?v=1323047849&amp;w=160&amp;h=160&amp;fit=crop&amp;auto=format&amp;q=92&amp;s=62e3a75919fb71066745c45f55266fa7
621487,https://ksr-ugc.imgix.net/avatars/8701612/fb_profile_picture.original.jpg?v=1384303523&amp;w=160&amp;h=160&amp;fit=crop&amp;auto=format&amp;q=92&amp;s=6e7fb3601245ba85b225f7f51daec011
622143,https://ksr-ugc.imgix.net/missing_user_avatar.png?v=&amp;w=160&amp;h=160&amp;fit=crop&amp;auto=format&amp;q=92&amp;s=d0295a3e2f5dc353af440df9d5048b5a
622423,https://ksr-ugc.imgix.net/missing_user_avatar.png?v=&amp;w=160&amp;h=160&amp;fit=crop&amp;auto=format&amp;q=92&amp;s=d0295a3e2f5dc353af440df9d5048b5a
622524,https://ksr-ugc.imgix.net/missing_user_avatar.png?v=&amp;w=160&amp;h=160&amp;fit=crop&amp;auto=format&amp;q=92&amp;s=d0295a3e2f5dc353af440df9d5048b5a
622702,https://ksr-ugc.imgix.net/missing_user_avatar.png?v=&amp;w=160&amp;h=160&amp;fit=crop&amp;auto=format&amp;q=92&amp;s=d0295a3e2f5dc353af440df9d5048b5a
622895,https://ksr-ugc.imgix.net/missing_user_avatar.png?v=&amp;w=160&amp;h=160&amp;fit=crop&amp;auto=format&amp;q=92&amp;s=d0295a3e2f5dc353af440df9d5048b5a
622974,https://ksr-ugc.imgix.net/missing_user_avatar.png?v=&amp;w=160&amp;h=160&amp;fit=crop&amp;auto=format&amp;q=92&amp;s=d0295a3e2f5dc353af440df9d5048b5a
623011,https://ksr-ugc.imgix.net/missing_user_avatar.png?v=&amp;w=160&amp;h=160&amp;fit=crop&amp;auto=format&amp;q=92&amp;s=d0295a3e2f5dc353af440df9d5048b5a
623493,https://ksr-ugc.imgix.net/missing_user_avatar.png?v=&amp;w=160&amp;h=160&amp;fit=crop&amp;auto=format&amp;q=92&amp;s=d0295a3e2f5dc353af440df9d5048b5a
623539,
624090,https://ksr-ugc.imgix.net/avatars/10444310/fb_profile_picture.original.jpg?v=1398644485&amp;w=160&amp;h=160&amp;fit=crop&amp;auto=format&amp;q=92&amp;s=40f5db51fcd6d5542d885774ef9a0211
624320,https://ksr-ugc.imgix.net/missing_user_avatar.png?v=&amp;w=160&amp;h=160&amp;fit=crop&amp;auto=format&amp;q=92&amp;s=d0295a3e2f5dc353af440df9d5048b5a
625068,"https://ksr-ugc.imgix.net/avatars/706179/The Faceless Girl.original.jpg?v=1300824811&amp;w=220&amp;h=220&amp;fit=crop&amp;auto=format&amp;q=92&amp;s=a789fbca0d3e4b9689168783a2521b37"
625249,https://ksr-ugc.imgix.net/missing_user_avatar.png?v=&amp;w=160&amp;h=160&amp;fit=crop&amp;auto=format&amp;q=92&amp;s=d0295a3e2f5dc353af440df9d5048b5a
625538,https://ksr-ugc.imgix.net/missing_user_avatar.png?v=&amp;w=160&amp;h=160&amp;fit=crop&amp;auto=format&amp;q=92&amp;s=d0295a3e2f5dc353af440df9d5048b5a
625681,https://ksr-ugc.imgix.net/missing_user_avatar.png?v=&amp;w=160&amp;h=160&amp;fit=crop&amp;auto=format&amp;q=92&amp;s=d0295a3e2f5dc353af440df9d5048b5a
625781,https://ksr-ugc.imgix.net/missing_user_avatar.png?v=&amp;w=160&amp;h=160&amp;fit=crop&amp;auto=format&amp;q=92&amp;s=d0295a3e2f5dc353af440df9d5048b5a
626224,https://ksr-ugc.imgix.net/missing_user_avatar.png?v=&amp;w=160&amp;h=160&amp;fit=crop&amp;auto=format&amp;q=92&amp;s=d0295a3e2f5dc353af440df9d5048b5a
626544,https://ksr-ugc.imgix.net/missing_user_avatar.png?v=&amp;w=160&amp;h=160&amp;fit=crop&amp;auto=format&amp;q=92&amp;s=d0295a3e2f5dc353af440df9d5048b5a
627207,https://ksr-ugc.imgix.net/missing_user_avatar.png?v=&amp;w=160&amp;h=160&amp;fit=crop&amp;auto=format&amp;q=92&amp;s=d0295a3e2f5dc353af440df9d5048b5a
627755,https://ksr-ugc.imgix.net/missing_user_avatar.png?v=&amp;w=160&amp;h=160&amp;fit=crop&amp;auto=format&amp;q=92&amp;s=d0295a3e2f5dc353af440df9d5048b5a
628528,https://ksr-ugc.imgix.net/avatars/2214142/fb_profile_picture.original.jpg?v=1332861506&amp;w=160&amp;h=160&amp;fit=crop&amp;auto=format&amp;q=92&amp;s=71c8f1f45a77a4b789220cbb9f9a36fc
628646,https://ksr-ugc.imgix.net/missing_user_avatar.png?v=&amp;w=160&amp;h=160&amp;fit=crop&amp;auto=format&amp;q=92&amp;s=d0295a3e2f5dc353af440df9d5048b5a
628742,https://ksr-ugc.imgix.net/missing_user_avatar.png?v=&amp;w=160&amp;h=160&amp;fit=crop&amp;auto=format&amp;q=92&amp;s=d0295a3e2f5dc353af440df9d5048b5a
629316,https://ksr-ugc.imgix.net/avatars/11944892/fb_profile_picture.original.jpeg?v=1408092660&amp;w=160&amp;h=160&amp;fit=crop&amp;auto=format&amp;q=92&amp;s=d9068e3c466a427fe68aa267cc87d72b
629348,https://ksr-ugc.imgix.net/missing_user_avatar.png?v=&amp;w=160&amp;h=160&amp;fit=crop&amp;auto=format&amp;q=92&amp;s=d0295a3e2f5dc353af440df9d5048b5a
629379,https://ksr-ugc.imgix.net/missing_user_avatar.png?v=&amp;w=160&amp;h=160&amp;fit=crop&amp;auto=format&amp;q=92&amp;s=d0295a3e2f5dc353af440df9d5048b5a
629533,https://ksr-ugc.imgix.net/missing_user_avatar.png?v=&amp;w=160&amp;h=160&amp;fit=crop&amp;auto=format&amp;q=92&amp;s=d0295a3e2f5dc353af440df9d5048b5a
629702,https://ksr-ugc.imgix.net/missing_user_avatar.png?v=&amp;w=160&amp;h=160&amp;fit=crop&amp;auto=format&amp;q=92&amp;s=d0295a3e2f5dc353af440df9d5048b5a
629781,https://ksr-ugc.imgix.net/missing_user_avatar.png?v=&amp;w=160&amp;h=160&amp;fit=crop&amp;auto=format&amp;q=92&amp;s=d0295a3e2f5dc353af440df9d5048b5a
631289,https://ksr-ugc.imgix.net/avatars/11087796/fb_profile_picture.original.jpg?v=1403303138&amp;w=160&amp;h=160&amp;fit=crop&amp;auto=format&amp;q=92&amp;s=4f30d827ea0c55d8e66764628db98811
632573,https://ksr-ugc.imgix.net/avatars/8050359/fb_profile_picture.original.jpg?v=1379526894&amp;w=160&amp;h=160&amp;fit=crop&amp;auto=format&amp;q=92&amp;s=52f4ea982717dc3f33a7c89e03d38eff
632611,https://ksr-ugc.imgix.net/avatars/2402950/fb_profile_picture.original.jpg?v=1333723816&amp;w=160&amp;h=160&amp;fit=crop&amp;auto=format&amp;q=92&amp;s=cda58b3674aa3e0a65384e191067db9d
632754,https://ksr-ugc.imgix.net/missing_user_avatar.png?v=&amp;w=160&amp;h=160&amp;fit=crop&amp;auto=format&amp;q=92&amp;s=d0295a3e2f5dc353af440df9d5048b5a
632872,https://ksr-ugc.imgix.net/missing_user_avatar.png?v=&amp;w=160&amp;h=160&amp;fit=crop&amp;auto=format&amp;q=92&amp;s=d0295a3e2f5dc353af440df9d5048b5a
633038,https://ksr-ugc.imgix.net/avatars/11390375/Portrait_081_pp.original.jpg?v=1430320652&amp;w=160&amp;h=160&amp;fit=crop&amp;auto=format&amp;q=92&amp;s=6db6281814bc60aae9bec7b150b92128
633650,https://ksr-ugc.imgix.net/missing_user_avatar.png?v=&amp;w=160&amp;h=160&amp;fit=crop&amp;auto=format&amp;q=92&amp;s=d0295a3e2f5dc353af440df9d5048b5a
633675,https://ksr-ugc.imgix.net/missing_user_avatar.png?v=&amp;w=160&amp;h=160&amp;fit=crop&amp;auto=format&amp;q=92&amp;s=d0295a3e2f5dc353af440df9d5048b5a
633782,https://ksr-ugc.imgix.net/missing_user_avatar.png?v=&amp;w=160&amp;h=160&amp;fit=crop&amp;auto=format&amp;q=92&amp;s=d0295a3e2f5dc353af440df9d5048b5a
633797,https://ksr-ugc.imgix.net/missing_user_avatar.png?v=&amp;w=160&amp;h=160&amp;fit=crop&amp;auto=format&amp;q=92&amp;s=d0295a3e2f5dc353af440df9d5048b5a
633826,https://ksr-ugc.imgix.net/missing_user_avatar.png?v=&amp;w=160&amp;h=160&amp;fit=crop&amp;auto=format&amp;q=92&amp;s=d0295a3e2f5dc353af440df9d5048b5a
634071,https://ksr-ugc.imgix.net/avatars/18041760/fb_profile_picture.original.jpeg?v=1441810298&amp;w=160&amp;h=160&amp;fit=crop&amp;auto=format&amp;q=92&amp;s=f4a18b5ae9dc3582211f870442206987
634240,https://ksr-ugc.imgix.net/missing_user_avatar.png?v=&amp;w=160&amp;h=160&amp;fit=crop&amp;auto=format&amp;q=92&amp;s=d0295a3e2f5dc353af440df9d5048b5a
634495,https://ksr-ugc.imgix.net/missing_user_avatar.png?v=&amp;w=160&amp;h=160&amp;fit=crop&amp;auto=format&amp;q=92&amp;s=d0295a3e2f5dc353af440df9d5048b5a
634505,https://ksr-ugc.imgix.net/missing_user_avatar.png?v=&amp;w=160&amp;h=160&amp;fit=crop&amp;auto=format&amp;q=92&amp;s=d0295a3e2f5dc353af440df9d5048b5a
634513,https://ksr-ugc.imgix.net/missing_user_avatar.png?v=&amp;w=160&amp;h=160&amp;fit=crop&amp;auto=format&amp;q=92&amp;s=d0295a3e2f5dc353af440df9d5048b5a
634688,https://ksr-ugc.imgix.net/missing_user_avatar.png?v=&amp;w=160&amp;h=160&amp;fit=crop&amp;auto=format&amp;q=92&amp;s=d0295a3e2f5dc353af440df9d5048b5a
635100,https://ksr-ugc.imgix.net/avatars/3107042/fb_profile_picture.original.jpg?v=1340009929&amp;w=160&amp;h=160&amp;fit=crop&amp;auto=format&amp;q=92&amp;s=9d2006247e190843115dd5ba83ce7d9e
635117,https://ksr-ugc.imgix.net/missing_user_avatar.png?v=&amp;w=160&amp;h=160&amp;fit=crop&amp;auto=format&amp;q=92&amp;s=d0295a3e2f5dc353af440df9d5048b5a
635279,https://ksr-ugc.imgix.net/missing_user_avatar.png?v=&amp;w=160&amp;h=160&amp;fit=crop&amp;auto=format&amp;q=92&amp;s=d0295a3e2f5dc353af440df9d5048b5a
636057,
636115,https://ksr-ugc.imgix.net/missing_user_avatar.png?v=&amp;w=160&amp;h=160&amp;fit=crop&amp;auto=format&amp;q=92&amp;s=d0295a3e2f5dc353af440df9d5048b5a
636233,https://ksr-ugc.imgix.net/missing_user_avatar.png?v=&amp;w=160&amp;h=160&amp;fit=crop&amp;auto=format&amp;q=92&amp;s=d0295a3e2f5dc353af440df9d5048b5a
636493,https://ksr-ugc.imgix.net/missing_user_avatar.png?v=&amp;w=160&amp;h=160&amp;fit=crop&amp;auto=format&amp;q=92&amp;s=d0295a3e2f5dc353af440df9d5048b5a
637165,https://ksr-ugc.imgix.net/missing_user_avatar.png?v=&amp;w=160&amp;h=160&amp;fit=crop&amp;auto=format&amp;q=92&amp;s=d0295a3e2f5dc353af440df9d5048b5a
637200,https://ksr-ugc.imgix.net/missing_user_avatar.png?v=&amp;w=160&amp;h=160&amp;fit=crop&amp;auto=format&amp;q=92&amp;s=d0295a3e2f5dc353af440df9d5048b5a
637860,https://ksr-ugc.imgix.net/missing_user_avatar.png?v=&amp;w=160&amp;h=160&amp;fit=crop&amp;auto=format&amp;q=92&amp;s=d0295a3e2f5dc353af440df9d5048b5a
637910,https://ksr-ugc.imgix.net/avatars/486972/fb_profile_picture.original.jpg?v=1302022840&amp;w=160&amp;h=160&amp;fit=crop&amp;auto=format&amp;q=92&amp;s=208c205c4d0a5ac86ae99bb900425b4c
637973,https://ksr-ugc.imgix.net/missing_user_avatar.png?v=&amp;w=160&amp;h=160&amp;fit=crop&amp;auto=format&amp;q=92&amp;s=d0295a3e2f5dc353af440df9d5048b5a
638340,https://ksr-ugc.imgix.net/missing_user_avatar.png?v=&amp;w=160&amp;h=160&amp;fit=crop&amp;auto=format&amp;q=92&amp;s=d0295a3e2f5dc353af440df9d5048b5a
638541,https://ksr-ugc.imgix.net/missing_user_avatar.png?v=&amp;w=160&amp;h=160&amp;fit=crop&amp;auto=format&amp;q=92&amp;s=d0295a3e2f5dc353af440df9d5048b5a
638937,https://ksr-ugc.imgix.net/missing_user_avatar.png?v=&amp;w=160&amp;h=160&amp;fit=crop&amp;auto=format&amp;q=92&amp;s=d0295a3e2f5dc353af440df9d5048b5a
639168,https://ksr-ugc.imgix.net/missing_user_avatar.png?v=&amp;w=160&amp;h=160&amp;fit=crop&amp;auto=format&amp;q=92&amp;s=d0295a3e2f5dc353af440df9d5048b5a
639355,https://ksr-ugc.imgix.net/avatars/4458647/fb_profile_picture.original.jpg?v=1351001764&amp;w=160&amp;h=160&amp;fit=crop&amp;auto=format&amp;q=92&amp;s=020047d75dc19392279f3465404b9739
639595,https://ksr-ugc.imgix.net/missing_user_avatar.png?v=&amp;w=160&amp;h=160&amp;fit=crop&amp;auto=format&amp;q=92&amp;s=d0295a3e2f5dc353af440df9d5048b5a
639991,https://ksr-ugc.imgix.net/missing_user_avatar.png?v=&amp;w=160&amp;h=160&amp;fit=crop&amp;auto=format&amp;q=92&amp;s=d0295a3e2f5dc353af440df9d5048b5a
640459,https://ksr-ugc.imgix.net/avatars/8129199/fb_profile_picture.original.jpg?v=1380084604&amp;w=160&amp;h=160&amp;fit=crop&amp;auto=format&amp;q=92&amp;s=7160f0477be8a401bda82ccfb6d1469e
640578,https://ksr-ugc.imgix.net/missing_user_avatar.png?v=&amp;w=160&amp;h=160&amp;fit=crop&amp;auto=format&amp;q=92&amp;s=d0295a3e2f5dc353af440df9d5048b5a
640750,https://ksr-ugc.imgix.net/avatars/7350189/fb_profile_picture.original.jpg?v=1374115840&amp;w=160&amp;h=160&amp;fit=crop&amp;auto=format&amp;q=92&amp;s=46090ac3ac33027fb978f0e09c7178b2
640842,https://ksr-ugc.imgix.net/missing_user_avatar.png?v=&amp;w=160&amp;h=160&amp;fit=crop&amp;auto=format&amp;q=92&amp;s=d0295a3e2f5dc353af440df9d5048b5a
640851,https://ksr-ugc.imgix.net/missing_user_avatar.png?v=&amp;w=160&amp;h=160&amp;fit=crop&amp;auto=format&amp;q=92&amp;s=d0295a3e2f5dc353af440df9d5048b5a
641093,https://ksr-ugc.imgix.net/missing_user_avatar.png?v=&amp;w=160&amp;h=160&amp;fit=crop&amp;auto=format&amp;q=92&amp;s=d0295a3e2f5dc353af440df9d5048b5a
641142,https://ksr-ugc.imgix.net/avatars/3542421/fb_profile_picture.original.jpg?v=1343412715&amp;w=160&amp;h=160&amp;fit=crop&amp;auto=format&amp;q=92&amp;s=d10d110420ce494e82cb13269723c047
641221,https://ksr-ugc.imgix.net/missing_user_avatar.png?v=&amp;w=160&amp;h=160&amp;fit=crop&amp;auto=format&amp;q=92&amp;s=d0295a3e2f5dc353af440df9d5048b5a
641274,https://ksr-ugc.imgix.net/avatars/8647485/fb_profile_picture.original.jpg?v=1383882021&amp;w=160&amp;h=160&amp;fit=crop&amp;auto=format&amp;q=92&amp;s=f31df0ddb2b95d5856cd97b622b6e4ce
641427,https://ksr-ugc.imgix.net/missing_user_avatar.png?v=&amp;w=160&amp;h=160&amp;fit=crop&amp;auto=format&amp;q=92&amp;s=d0295a3e2f5dc353af440df9d5048b5a
641584,https://ksr-ugc.imgix.net/missing_user_avatar.png?v=&amp;w=160&amp;h=160&amp;fit=crop&amp;auto=format&amp;q=92&amp;s=d0295a3e2f5dc353af440df9d5048b5a
641727,https://ksr-ugc.imgix.net/missing_user_avatar.png?v=&amp;w=160&amp;h=160&amp;fit=crop&amp;auto=format&amp;q=92&amp;s=d0295a3e2f5dc353af440df9d5048b5a
641799,https://ksr-ugc.imgix.net/missing_user_avatar.png?v=&amp;w=160&amp;h=160&amp;fit=crop&amp;auto=format&amp;q=92&amp;s=d0295a3e2f5dc353af440df9d5048b5a
641803,https://ksr-ugc.imgix.net/missing_user_avatar.png?v=&amp;w=160&amp;h=160&amp;fit=crop&amp;auto=format&amp;q=92&amp;s=d0295a3e2f5dc353af440df9d5048b5a
641823,https://ksr-ugc.imgix.net/missing_user_avatar.png?v=&amp;w=160&amp;h=160&amp;fit=crop&amp;auto=format&amp;q=92&amp;s=d0295a3e2f5dc353af440df9d5048b5a
641899,https://ksr-ugc.imgix.net/missing_user_avatar.png?v=&amp;w=160&amp;h=160&amp;fit=crop&amp;auto=format&amp;q=92&amp;s=d0295a3e2f5dc353af440df9d5048b5a
641951,https://ksr-ugc.imgix.net/avatars/17836658/fb_profile_picture.original.jpeg?v=1440214000&amp;w=160&amp;h=160&amp;fit=crop&amp;auto=format&amp;q=92&amp;s=bd3436b760dac459279357d92fa7eb47
642064,https://ksr-ugc.imgix.net/missing_user_avatar.png?v=&amp;w=160&amp;h=160&amp;fit=crop&amp;auto=format&amp;q=92&amp;s=d0295a3e2f5dc353af440df9d5048b5a
642366,https://ksr-ugc.imgix.net/avatars/1072856/fb_profile_picture.original.jpeg?v=1426177667&amp;w=160&amp;h=160&amp;fit=crop&amp;auto=format&amp;q=92&amp;s=2d51c46ea71aa00825682c6bfe5789aa
642846,https://ksr-ugc.imgix.net/missing_user_avatar.png?v=&amp;w=160&amp;h=160&amp;fit=crop&amp;auto=format&amp;q=92&amp;s=d0295a3e2f5dc353af440df9d5048b5a
643194,https://ksr-ugc.imgix.net/missing_user_avatar.png?v=&amp;w=160&amp;h=160&amp;fit=crop&amp;auto=format&amp;q=92&amp;s=d0295a3e2f5dc353af440df9d5048b5a
643209,https://ksr-ugc.imgix.net/missing_user_avatar.png?v=&amp;w=160&amp;h=160&amp;fit=crop&amp;auto=format&amp;q=92&amp;s=d0295a3e2f5dc353af440df9d5048b5a
643246,https://ksr-ugc.imgix.net/missing_user_avatar.png?v=&amp;w=160&amp;h=160&amp;fit=crop&amp;auto=format&amp;q=92&amp;s=d0295a3e2f5dc353af440df9d5048b5a
643485,https://ksr-ugc.imgix.net/avatars/1970494/Smiley.original.png?v=1333687029&amp;w=160&amp;h=160&amp;fit=crop&amp;auto=format&amp;q=92&amp;s=f90a486a60a7e7533a9ef9176d3f8268
643546,https://ksr-ugc.imgix.net/missing_user_avatar.png?v=&amp;w=160&amp;h=160&amp;fit=crop&amp;auto=format&amp;q=92&amp;s=d0295a3e2f5dc353af440df9d5048b5a
644023,https://ksr-ugc.imgix.net/missing_user_avatar.png?v=&amp;w=160&amp;h=160&amp;fit=crop&amp;auto=format&amp;q=92&amp;s=d0295a3e2f5dc353af440df9d5048b5a
644081,https://ksr-ugc.imgix.net/missing_user_avatar.png?v=&amp;w=160&amp;h=160&amp;fit=crop&amp;auto=format&amp;q=92&amp;s=d0295a3e2f5dc353af440df9d5048b5a
644935,https://ksr-ugc.imgix.net/avatars/9138707/fb_profile_picture.original.jpg?v=1387641656&amp;w=160&amp;h=160&amp;fit=crop&amp;auto=format&amp;q=92&amp;s=ce447440c31521631fc08055050db8a1
645436,https://ksr-ugc.imgix.net/missing_user_avatar.png?v=&amp;w=160&amp;h=160&amp;fit=crop&amp;auto=format&amp;q=92&amp;s=d0295a3e2f5dc353af440df9d5048b5a
645600,https://ksr-ugc.imgix.net/missing_user_avatar.png?v=&amp;w=160&amp;h=160&amp;fit=crop&amp;auto=format&amp;q=92&amp;s=d0295a3e2f5dc353af440df9d5048b5a
645632,https://ksr-ugc.imgix.net/avatars/11376745/fb_profile_picture.original.jpeg?v=1405050268&amp;w=160&amp;h=160&amp;fit=crop&amp;auto=format&amp;q=92&amp;s=ed42663b2f8a2e91dbc1ce96d432b33d
645636,https://ksr-ugc.imgix.net/missing_user_avatar.png?v=&amp;w=160&amp;h=160&amp;fit=crop&amp;auto=format&amp;q=92&amp;s=d0295a3e2f5dc353af440df9d5048b5a
645674,https://ksr-ugc.imgix.net/missing_user_avatar.png?v=&amp;w=160&amp;h=160&amp;fit=crop&amp;auto=format&amp;q=92&amp;s=d0295a3e2f5dc353af440df9d5048b5a
646931,https://ksr-ugc.imgix.net/missing_user_avatar.png?v=&amp;w=160&amp;h=160&amp;fit=crop&amp;auto=format&amp;q=92&amp;s=d0295a3e2f5dc353af440df9d5048b5a
647062,https://ksr-ugc.imgix.net/missing_user_avatar.png?v=&amp;w=160&amp;h=160&amp;fit=crop&amp;auto=format&amp;q=92&amp;s=d0295a3e2f5dc353af440df9d5048b5a
647063,https://ksr-ugc.imgix.net/missing_user_avatar.png?v=&amp;w=160&amp;h=160&amp;fit=crop&amp;auto=format&amp;q=92&amp;s=d0295a3e2f5dc353af440df9d5048b5a
647199,https://ksr-ugc.imgix.net/missing_user_avatar.png?v=&amp;w=160&amp;h=160&amp;fit=crop&amp;auto=format&amp;q=92&amp;s=d0295a3e2f5dc353af440df9d5048b5a
647212,https://ksr-ugc.imgix.net/avatars/3019532/fb_profile_picture.original.jpg?v=1339195973&amp;w=160&amp;h=160&amp;fit=crop&amp;auto=format&amp;q=92&amp;s=c62c662849b29745af8d62a49029cdec
647456,https://ksr-ugc.imgix.net/missing_user_avatar.png?v=&amp;w=160&amp;h=160&amp;fit=crop&amp;auto=format&amp;q=92&amp;s=d0295a3e2f5dc353af440df9d5048b5a
647620,https://ksr-ugc.imgix.net/avatars/5613758/fb_profile_picture.original.jpg?v=1361672965&amp;w=160&amp;h=160&amp;fit=crop&amp;auto=format&amp;q=92&amp;s=98eff91d60e0b324485235ef7cf276c1
647697,https://ksr-ugc.imgix.net/missing_user_avatar.png?v=&amp;w=160&amp;h=160&amp;fit=crop&amp;auto=format&amp;q=92&amp;s=d0295a3e2f5dc353af440df9d5048b5a
647757,https://ksr-ugc.imgix.net/avatars/1118601/fb_profile_picture.original.jpg?v=1311000519&amp;w=160&amp;h=160&amp;fit=crop&amp;auto=format&amp;q=92&amp;s=51ddce02859739a32fa1837b95f25e9c
648007,https://ksr-ugc.imgix.net/missing_user_avatar.png?v=&amp;w=160&amp;h=160&amp;fit=crop&amp;auto=format&amp;q=92&amp;s=d0295a3e2f5dc353af440df9d5048b5a
648225,https://ksr-ugc.imgix.net/avatars/1299024/fb_profile_picture.original.jpg?v=1326839627&amp;w=160&amp;h=160&amp;fit=crop&amp;auto=format&amp;q=92&amp;s=f4c10180b207a40dd5a079a49a347406
648344,https://ksr-ugc.imgix.net/avatars/186347/fb_profile_picture.original.jpg?v=1301508060&amp;w=160&amp;h=160&amp;fit=crop&amp;auto=format&amp;q=92&amp;s=e6151980c6fd805ba58a46006f02e286
648719,https://ksr-ugc.imgix.net/missing_user_avatar.png?v=&amp;w=160&amp;h=160&amp;fit=crop&amp;auto=format&amp;q=92&amp;s=d0295a3e2f5dc353af440df9d5048b5a
648965,https://ksr-ugc.imgix.net/missing_user_avatar.png?v=&amp;w=160&amp;h=160&amp;fit=crop&amp;auto=format&amp;q=92&amp;s=d0295a3e2f5dc353af440df9d5048b5a
649642,https://ksr-ugc.imgix.net/missing_user_avatar.png?v=&amp;w=160&amp;h=160&amp;fit=crop&amp;auto=format&amp;q=92&amp;s=d0295a3e2f5dc353af440df9d5048b5a
649880,https://ksr-ugc.imgix.net/missing_user_avatar.png?v=&amp;w=160&amp;h=160&amp;fit=crop&amp;auto=format&amp;q=92&amp;s=d0295a3e2f5dc353af440df9d5048b5a
650377,https://ksr-ugc.imgix.net/missing_user_avatar.png?v=&amp;w=160&amp;h=160&amp;fit=crop&amp;auto=format&amp;q=92&amp;s=d0295a3e2f5dc353af440df9d5048b5a
650767,https://ksr-ugc.imgix.net/missing_user_avatar.png?v=&amp;w=160&amp;h=160&amp;fit=crop&amp;auto=format&amp;q=92&amp;s=d0295a3e2f5dc353af440df9d5048b5a
650822,https://ksr-ugc.imgix.net/missing_user_avatar.png?v=&amp;w=160&amp;h=160&amp;fit=crop&amp;auto=format&amp;q=92&amp;s=d0295a3e2f5dc353af440df9d5048b5a
651634,https://ksr-ugc.imgix.net/missing_user_avatar.png?v=&amp;w=160&amp;h=160&amp;fit=crop&amp;auto=format&amp;q=92&amp;s=d0295a3e2f5dc353af440df9d5048b5a
651992,https://ksr-ugc.imgix.net/missing_user_avatar.png?v=&amp;w=160&amp;h=160&amp;fit=crop&amp;auto=format&amp;q=92&amp;s=d0295a3e2f5dc353af440df9d5048b5a
652325,https://ksr-ugc.imgix.net/missing_user_avatar.png?v=&amp;w=160&amp;h=160&amp;fit=crop&amp;auto=format&amp;q=92&amp;s=d0295a3e2f5dc353af440df9d5048b5a
652387,https://ksr-ugc.imgix.net/missing_user_avatar.png?v=&amp;w=160&amp;h=160&amp;fit=crop&amp;auto=format&amp;q=92&amp;s=d0295a3e2f5dc353af440df9d5048b5a
652760,https://ksr-ugc.imgix.net/missing_user_avatar.png?v=&amp;w=160&amp;h=160&amp;fit=crop&amp;auto=format&amp;q=92&amp;s=d0295a3e2f5dc353af440df9d5048b5a
652781,https://ksr-ugc.imgix.net/avatars/18312543/fb_profile_picture.original.jpeg?v=1443863044&amp;w=160&amp;h=160&amp;fit=crop&amp;auto=format&amp;q=92&amp;s=678496044ad18ad859b5c6fcbef37fdf
652994,https://ksr-ugc.imgix.net/missing_user_avatar.png?v=&amp;w=160&amp;h=160&amp;fit=crop&amp;auto=format&amp;q=92&amp;s=d0295a3e2f5dc353af440df9d5048b5a
653137,https://ksr-ugc.imgix.net/avatars/10796169/fb_profile_picture.original.jpg?v=1401226332&amp;w=160&amp;h=160&amp;fit=crop&amp;auto=format&amp;q=92&amp;s=0dd47a27ce180bd9acfb07d2aca37f6a
653240,https://ksr-ugc.imgix.net/missing_user_avatar.png?v=&amp;w=160&amp;h=160&amp;fit=crop&amp;auto=format&amp;q=92&amp;s=d0295a3e2f5dc353af440df9d5048b5a
653359,https://ksr-ugc.imgix.net/missing_user_avatar.png?v=&amp;w=160&amp;h=160&amp;fit=crop&amp;auto=format&amp;q=92&amp;s=d0295a3e2f5dc353af440df9d5048b5a
653504,https://ksr-ugc.imgix.net/missing_user_avatar.png?v=&amp;w=160&amp;h=160&amp;fit=crop&amp;auto=format&amp;q=92&amp;s=d0295a3e2f5dc353af440df9d5048b5a
653639,https://ksr-ugc.imgix.net/missing_user_avatar.png?v=&amp;w=160&amp;h=160&amp;fit=crop&amp;auto=format&amp;q=92&amp;s=d0295a3e2f5dc353af440df9d5048b5a
653725,https://ksr-ugc.imgix.net/avatars/6997616/fb_profile_picture.original.jpg?v=1371518832&amp;w=160&amp;h=160&amp;fit=crop&amp;auto=format&amp;q=92&amp;s=13e507c1d82ed5e9e5e284458ad5ff1b
653784,https://ksr-ugc.imgix.net/missing_user_avatar.png?v=&amp;w=160&amp;h=160&amp;fit=crop&amp;auto=format&amp;q=92&amp;s=d0295a3e2f5dc353af440df9d5048b5a
653789,https://ksr-ugc.imgix.net/missing_user_avatar.png?v=&amp;w=160&amp;h=160&amp;fit=crop&amp;auto=format&amp;q=92&amp;s=d0295a3e2f5dc353af440df9d5048b5a
653972,https://ksr-ugc.imgix.net/avatars/11117656/fb_profile_picture.original.jpg?v=1403592804&amp;w=160&amp;h=160&amp;fit=crop&amp;auto=format&amp;q=92&amp;s=03d3ce575c901dd76da0ef58a8bf8a35
654157,
654508,https://ksr-ugc.imgix.net/missing_user_avatar.png?v=&amp;w=160&amp;h=160&amp;fit=crop&amp;auto=format&amp;q=92&amp;s=d0295a3e2f5dc353af440df9d5048b5a
655630,"https://ksr-ugc.imgix.net/avatars/2713445/Peggy Head Shot.original.jpg?v=1337033619&amp;w=220&amp;h=220&amp;fit=crop&amp;auto=format&amp;q=92&amp;s=a668807ba8ebd869d98c2b984949f6ff"
655734,https://ksr-ugc.imgix.net/missing_user_avatar.png?v=&amp;w=160&amp;h=160&amp;fit=crop&amp;auto=format&amp;q=92&amp;s=d0295a3e2f5dc353af440df9d5048b5a
656027,https://ksr-ugc.imgix.net/avatars/11497750/fb_profile_picture.original.jpeg?v=1405609951&amp;w=160&amp;h=160&amp;fit=crop&amp;auto=format&amp;q=92&amp;s=c6277c18c3fda693400bc7623cdcf3ff
656214,https://ksr-ugc.imgix.net/missing_user_avatar.png?v=&amp;w=160&amp;h=160&amp;fit=crop&amp;auto=format&amp;q=92&amp;s=d0295a3e2f5dc353af440df9d5048b5a
656797,https://ksr-ugc.imgix.net/missing_user_avatar.png?v=&amp;w=160&amp;h=160&amp;fit=crop&amp;auto=format&amp;q=92&amp;s=d0295a3e2f5dc353af440df9d5048b5a
657350,https://ksr-ugc.imgix.net/missing_user_avatar.png?v=&amp;w=160&amp;h=160&amp;fit=crop&amp;auto=format&amp;q=92&amp;s=d0295a3e2f5dc353af440df9d5048b5a
657357,https://ksr-ugc.imgix.net/missing_user_avatar.png?v=&amp;w=160&amp;h=160&amp;fit=crop&amp;auto=format&amp;q=92&amp;s=d0295a3e2f5dc353af440df9d5048b5a
657859,https://ksr-ugc.imgix.net/missing_user_avatar.png?v=&amp;w=160&amp;h=160&amp;fit=crop&amp;auto=format&amp;q=92&amp;s=d0295a3e2f5dc353af440df9d5048b5a
657923,https://ksr-ugc.imgix.net/missing_user_avatar.png?v=&amp;w=160&amp;h=160&amp;fit=crop&amp;auto=format&amp;q=92&amp;s=d0295a3e2f5dc353af440df9d5048b5a
657966,https://ksr-ugc.imgix.net/missing_user_avatar.png?v=&amp;w=160&amp;h=160&amp;fit=crop&amp;auto=format&amp;q=92&amp;s=d0295a3e2f5dc353af440df9d5048b5a
658671,https://ksr-ugc.imgix.net/avatars/14716326/Talia_5.original.jpg?v=1428060259&amp;w=220&amp;h=220&amp;fit=crop&amp;auto=format&amp;q=92&amp;s=97d3b0d5de45061dc7a20100c5f664e6
658720,https://ksr-ugc.imgix.net/missing_user_avatar.png?v=&amp;w=160&amp;h=160&amp;fit=crop&amp;auto=format&amp;q=92&amp;s=d0295a3e2f5dc353af440df9d5048b5a
658757,https://ksr-ugc.imgix.net/missing_user_avatar.png?v=&amp;w=160&amp;h=160&amp;fit=crop&amp;auto=format&amp;q=92&amp;s=d0295a3e2f5dc353af440df9d5048b5a
658939,https://ksr-ugc.imgix.net/missing_user_avatar.png?v=&amp;w=160&amp;h=160&amp;fit=crop&amp;auto=format&amp;q=92&amp;s=d0295a3e2f5dc353af440df9d5048b5a
659083,https://ksr-ugc.imgix.net/missing_user_avatar.png?v=&amp;w=160&amp;h=160&amp;fit=crop&amp;auto=format&amp;q=92&amp;s=d0295a3e2f5dc353af440df9d5048b5a
659397,https://ksr-ugc.imgix.net/avatars/18927712/fb_profile_picture.original.jpeg?v=1448165188&amp;w=160&amp;h=160&amp;fit=crop&amp;auto=format&amp;q=92&amp;s=ee0fef16e0549a3d3ae9d949e208e28b
659671,https://ksr-ugc.imgix.net/missing_user_avatar.png?v=&amp;w=160&amp;h=160&amp;fit=crop&amp;auto=format&amp;q=92&amp;s=d0295a3e2f5dc353af440df9d5048b5a
660177,https://ksr-ugc.imgix.net/missing_user_avatar.png?v=&amp;w=160&amp;h=160&amp;fit=crop&amp;auto=format&amp;q=92&amp;s=d0295a3e2f5dc353af440df9d5048b5a
660254,https://ksr-ugc.imgix.net/missing_user_avatar.png?v=&amp;w=160&amp;h=160&amp;fit=crop&amp;auto=format&amp;q=92&amp;s=d0295a3e2f5dc353af440df9d5048b5a
660301,https://ksr-ugc.imgix.net/missing_user_avatar.png?v=&amp;w=160&amp;h=160&amp;fit=crop&amp;auto=format&amp;q=92&amp;s=d0295a3e2f5dc353af440df9d5048b5a
660404,https://ksr-ugc.imgix.net/missing_user_avatar.png?v=&amp;w=160&amp;h=160&amp;fit=crop&amp;auto=format&amp;q=92&amp;s=d0295a3e2f5dc353af440df9d5048b5a
661232,https://ksr-ugc.imgix.net/missing_user_avatar.png?v=&amp;w=160&amp;h=160&amp;fit=crop&amp;auto=format&amp;q=92&amp;s=d0295a3e2f5dc353af440df9d5048b5a
661239,https://ksr-ugc.imgix.net/missing_user_avatar.png?v=&amp;w=160&amp;h=160&amp;fit=crop&amp;auto=format&amp;q=92&amp;s=d0295a3e2f5dc353af440df9d5048b5a
661276,https://ksr-ugc.imgix.net/missing_user_avatar.png?v=&amp;w=160&amp;h=160&amp;fit=crop&amp;auto=format&amp;q=92&amp;s=d0295a3e2f5dc353af440df9d5048b5a
661471,https://ksr-ugc.imgix.net/avatars/1940832/fb_profile_picture.original.jpg?v=1328674089&amp;w=160&amp;h=160&amp;fit=crop&amp;auto=format&amp;q=92&amp;s=f3fea73680f7e40bed850304fc355831
661957,https://ksr-ugc.imgix.net/avatars/1135851/fb_profile_picture.original.jpg?v=1311318299&amp;w=160&amp;h=160&amp;fit=crop&amp;auto=format&amp;q=92&amp;s=69e8f0f841d3b596a87ff47e3515235d
662001,https://ksr-ugc.imgix.net/missing_user_avatar.png?v=&amp;w=160&amp;h=160&amp;fit=crop&amp;auto=format&amp;q=92&amp;s=d0295a3e2f5dc353af440df9d5048b5a
662446,https://ksr-ugc.imgix.net/avatars/6706493/fb_profile_picture.original.jpg?v=1369451955&amp;w=160&amp;h=160&amp;fit=crop&amp;auto=format&amp;q=92&amp;s=670c35f10ac033cae1f0d84a0778c30b
662681,https://ksr-ugc.imgix.net/avatars/1810714/fb_profile_picture.original.jpg?v=1393263196&amp;w=160&amp;h=160&amp;fit=crop&amp;auto=format&amp;q=92&amp;s=3afde5d2d4f5bb12a7b5717184c0deb8
663511,https://ksr-ugc.imgix.net/missing_user_avatar.png?v=&amp;w=160&amp;h=160&amp;fit=crop&amp;auto=format&amp;q=92&amp;s=d0295a3e2f5dc353af440df9d5048b5a
664596,https://ksr-ugc.imgix.net/avatars/11718969/fb_profile_picture.original.jpeg?v=1406779891&amp;w=160&amp;h=160&amp;fit=crop&amp;auto=format&amp;q=92&amp;s=550380ff1d9526ae28a3f8a094285ad0
664604,https://ksr-ugc.imgix.net/avatars/17067668/fb_profile_picture.original.jpeg?v=1434680182&amp;w=160&amp;h=160&amp;fit=crop&amp;auto=format&amp;q=92&amp;s=c376b988b7647a3559060705df6a2016
664717,https://ksr-ugc.imgix.net/missing_user_avatar.png?v=&amp;w=160&amp;h=160&amp;fit=crop&amp;auto=format&amp;q=92&amp;s=d0295a3e2f5dc353af440df9d5048b5a
664900,https://ksr-ugc.imgix.net/missing_user_avatar.png?v=&amp;w=160&amp;h=160&amp;fit=crop&amp;auto=format&amp;q=92&amp;s=d0295a3e2f5dc353af440df9d5048b5a
664910,https://ksr-ugc.imgix.net/missing_user_avatar.png?v=&amp;w=160&amp;h=160&amp;fit=crop&amp;auto=format&amp;q=92&amp;s=d0295a3e2f5dc353af440df9d5048b5a
665014,https://ksr-ugc.imgix.net/missing_user_avatar.png?v=&amp;w=160&amp;h=160&amp;fit=crop&amp;auto=format&amp;q=92&amp;s=d0295a3e2f5dc353af440df9d5048b5a
665490,https://ksr-ugc.imgix.net/avatars/7545998/fb_profile_picture.original.jpg?v=1375655627&amp;w=160&amp;h=160&amp;fit=crop&amp;auto=format&amp;q=92&amp;s=2cf9fd90057e75b7ea72fc3d75525d1d
665624,https://ksr-ugc.imgix.net/avatars/1720359/CBTL_Back.original.jpg?v=1367339737&amp;w=160&amp;h=160&amp;fit=crop&amp;auto=format&amp;q=92&amp;s=c2d0050ce038e9fdc8c47ff9d1ab2bd8
665897,https://ksr-ugc.imgix.net/avatars/5073419/fb_profile_picture.original.jpg?v=1389285836&amp;w=160&amp;h=160&amp;fit=crop&amp;auto=format&amp;q=92&amp;s=0532686f70c2e04f541f255686ba5e13
666493,https://ksr-ugc.imgix.net/missing_user_avatar.png?v=&amp;w=160&amp;h=160&amp;fit=crop&amp;auto=format&amp;q=92&amp;s=d0295a3e2f5dc353af440df9d5048b5a
666510,"https://ksr-ugc.imgix.net/avatars/767453/silent film logo concept 3.original.jpg?v=1304352619&amp;w=220&amp;h=220&amp;fit=crop&amp;auto=format&amp;q=92&amp;s=424252e87af920422b56e9fdaeb56481"
666677,https://ksr-ugc.imgix.net/missing_user_avatar.png?v=&amp;w=160&amp;h=160&amp;fit=crop&amp;auto=format&amp;q=92&amp;s=d0295a3e2f5dc353af440df9d5048b5a
666995,https://ksr-ugc.imgix.net/missing_user_avatar.png?v=&amp;w=160&amp;h=160&amp;fit=crop&amp;auto=format&amp;q=92&amp;s=d0295a3e2f5dc353af440df9d5048b5a
667016,https://ksr-ugc.imgix.net/avatars/13824809/Animals___Birds_Owl_with_horns_071441_29.original.jpg?v=1424436376&amp;w=160&amp;h=160&amp;fit=crop&amp;auto=format&amp;q=92&amp;s=a5a27558bd01ce4aed4e51ad3855432b
667050,https://ksr-ugc.imgix.net/missing_user_avatar.png?v=&amp;w=160&amp;h=160&amp;fit=crop&amp;auto=format&amp;q=92&amp;s=d0295a3e2f5dc353af440df9d5048b5a
667362,https://ksr-ugc.imgix.net/missing_user_avatar.png?v=&amp;w=160&amp;h=160&amp;fit=crop&amp;auto=format&amp;q=92&amp;s=d0295a3e2f5dc353af440df9d5048b5a
667449,https://ksr-ugc.imgix.net/missing_user_avatar.png?v=&amp;w=160&amp;h=160&amp;fit=crop&amp;auto=format&amp;q=92&amp;s=d0295a3e2f5dc353af440df9d5048b5a
667610,https://ksr-ugc.imgix.net/missing_user_avatar.png?v=&amp;w=160&amp;h=160&amp;fit=crop&amp;auto=format&amp;q=92&amp;s=d0295a3e2f5dc353af440df9d5048b5a
667795,https://ksr-ugc.imgix.net/missing_user_avatar.png?v=&amp;w=160&amp;h=160&amp;fit=crop&amp;auto=format&amp;q=92&amp;s=d0295a3e2f5dc353af440df9d5048b5a
668955,https://ksr-ugc.imgix.net/missing_user_avatar.png?v=&amp;w=160&amp;h=160&amp;fit=crop&amp;auto=format&amp;q=92&amp;s=d0295a3e2f5dc353af440df9d5048b5a
668970,https://ksr-ugc.imgix.net/missing_user_avatar.png?v=&amp;w=160&amp;h=160&amp;fit=crop&amp;auto=format&amp;q=92&amp;s=d0295a3e2f5dc353af440df9d5048b5a
668974,https://ksr-ugc.imgix.net/avatars/420926/fb_profile_picture.original.jpg?v=1301932770&amp;w=160&amp;h=160&amp;fit=crop&amp;auto=format&amp;q=92&amp;s=642078a004b5c9a584e08e308f96f37c
669093,https://ksr-ugc.imgix.net/avatars/9867450/mememe.original.png?v=1445026123&amp;w=160&amp;h=160&amp;fit=crop&amp;auto=format&amp;q=92&amp;s=96f04064ed250cfcdbcb5c050f99a83b
669233,https://ksr-ugc.imgix.net/missing_user_avatar.png?v=&amp;w=160&amp;h=160&amp;fit=crop&amp;auto=format&amp;q=92&amp;s=d0295a3e2f5dc353af440df9d5048b5a
669241,https://ksr-ugc.imgix.net/missing_user_avatar.png?v=&amp;w=160&amp;h=160&amp;fit=crop&amp;auto=format&amp;q=92&amp;s=d0295a3e2f5dc353af440df9d5048b5a
669340,https://ksr-ugc.imgix.net/missing_user_avatar.png?v=&amp;w=160&amp;h=160&amp;fit=crop&amp;auto=format&amp;q=92&amp;s=d0295a3e2f5dc353af440df9d5048b5a
669919,https://ksr-ugc.imgix.net/avatars/6437247/ed58_angry_panda_plush.original.jpg?v=1367643733&amp;w=160&amp;h=160&amp;fit=crop&amp;auto=format&amp;q=92&amp;s=95b520ffaee8d9746f5c33af55786679
669927,https://ksr-ugc.imgix.net/missing_user_avatar.png?v=&amp;w=160&amp;h=160&amp;fit=crop&amp;auto=format&amp;q=92&amp;s=d0295a3e2f5dc353af440df9d5048b5a
670187,https://ksr-ugc.imgix.net/missing_user_avatar.png?v=&amp;w=160&amp;h=160&amp;fit=crop&amp;auto=format&amp;q=92&amp;s=d0295a3e2f5dc353af440df9d5048b5a
671118,https://ksr-ugc.imgix.net/missing_user_avatar.png?v=&amp;w=160&amp;h=160&amp;fit=crop&amp;auto=format&amp;q=92&amp;s=d0295a3e2f5dc353af440df9d5048b5a
671278,https://ksr-ugc.imgix.net/missing_user_avatar.png?v=&amp;w=160&amp;h=160&amp;fit=crop&amp;auto=format&amp;q=92&amp;s=d0295a3e2f5dc353af440df9d5048b5a
671318,https://ksr-ugc.imgix.net/avatars/3661993/fb_profile_picture.original.jpg?v=1344364236&amp;w=160&amp;h=160&amp;fit=crop&amp;auto=format&amp;q=92&amp;s=d2f9430a2ca8db945d3b3bad22db8992
671345,https://ksr-ugc.imgix.net/missing_user_avatar.png?v=&amp;w=160&amp;h=160&amp;fit=crop&amp;auto=format&amp;q=92&amp;s=d0295a3e2f5dc353af440df9d5048b5a
671379,https://ksr-ugc.imgix.net/missing_user_avatar.png?v=&amp;w=160&amp;h=160&amp;fit=crop&amp;auto=format&amp;q=92&amp;s=d0295a3e2f5dc353af440df9d5048b5a
671451,https://ksr-ugc.imgix.net/missing_user_avatar.png?v=&amp;w=160&amp;h=160&amp;fit=crop&amp;auto=format&amp;q=92&amp;s=d0295a3e2f5dc353af440df9d5048b5a
671906,https://ksr-ugc.imgix.net/missing_user_avatar.png?v=&amp;w=160&amp;h=160&amp;fit=crop&amp;auto=format&amp;q=92&amp;s=d0295a3e2f5dc353af440df9d5048b5a
672438,https://ksr-ugc.imgix.net/missing_user_avatar.png?v=&amp;w=160&amp;h=160&amp;fit=crop&amp;auto=format&amp;q=92&amp;s=d0295a3e2f5dc353af440df9d5048b5a
672505,https://ksr-ugc.imgix.net/missing_user_avatar.png?v=&amp;w=160&amp;h=160&amp;fit=crop&amp;auto=format&amp;q=92&amp;s=d0295a3e2f5dc353af440df9d5048b5a
672674,https://ksr-ugc.imgix.net/missing_user_avatar.png?v=&amp;w=160&amp;h=160&amp;fit=crop&amp;auto=format&amp;q=92&amp;s=d0295a3e2f5dc353af440df9d5048b5a
673105,https://ksr-ugc.imgix.net/missing_user_avatar.png?v=&amp;w=160&amp;h=160&amp;fit=crop&amp;auto=format&amp;q=92&amp;s=d0295a3e2f5dc353af440df9d5048b5a
673442,https://ksr-ugc.imgix.net/missing_user_avatar.png?v=&amp;w=160&amp;h=160&amp;fit=crop&amp;auto=format&amp;q=92&amp;s=d0295a3e2f5dc353af440df9d5048b5a
673539,https://ksr-ugc.imgix.net/avatars/776544/fb_profile_picture.original.jpg?v=1302534474&amp;w=160&amp;h=160&amp;fit=crop&amp;auto=format&amp;q=92&amp;s=4d6539663e6938875ceec9631265a9dc
673830,https://ksr-ugc.imgix.net/missing_user_avatar.png?v=&amp;w=160&amp;h=160&amp;fit=crop&amp;auto=format&amp;q=92&amp;s=d0295a3e2f5dc353af440df9d5048b5a
674189,https://ksr-ugc.imgix.net/missing_user_avatar.png?v=&amp;w=160&amp;h=160&amp;fit=crop&amp;auto=format&amp;q=92&amp;s=d0295a3e2f5dc353af440df9d5048b5a
674252,https://ksr-ugc.imgix.net/avatars/502326/fb_profile_picture.original.jpg?v=1302028305&amp;w=160&amp;h=160&amp;fit=crop&amp;auto=format&amp;q=92&amp;s=af97df5611ab09ee3afef0f7612fd81c
674625,https://ksr-ugc.imgix.net/missing_user_avatar.png?v=&amp;w=160&amp;h=160&amp;fit=crop&amp;auto=format&amp;q=92&amp;s=d0295a3e2f5dc353af440df9d5048b5a
675588,https://ksr-ugc.imgix.net/missing_user_avatar.png?v=&amp;w=160&amp;h=160&amp;fit=crop&amp;auto=format&amp;q=92&amp;s=d0295a3e2f5dc353af440df9d5048b5a
675597,https://ksr-ugc.imgix.net/missing_user_avatar.png?v=&amp;w=160&amp;h=160&amp;fit=crop&amp;auto=format&amp;q=92&amp;s=d0295a3e2f5dc353af440df9d5048b5a
675649,https://ksr-ugc.imgix.net/avatars/4638648/fb_profile_picture.original.jpg?v=1352781731&amp;w=160&amp;h=160&amp;fit=crop&amp;auto=format&amp;q=92&amp;s=ffc9bafc69fb7bd1690de87a29e37209
675737,https://ksr-ugc.imgix.net/missing_user_avatar.png?v=&amp;w=160&amp;h=160&amp;fit=crop&amp;auto=format&amp;q=92&amp;s=d0295a3e2f5dc353af440df9d5048b5a
675902,https://ksr-ugc.imgix.net/missing_user_avatar.png?v=&amp;w=160&amp;h=160&amp;fit=crop&amp;auto=format&amp;q=92&amp;s=d0295a3e2f5dc353af440df9d5048b5a
675952,https://ksr-ugc.imgix.net/missing_user_avatar.png?v=&amp;w=160&amp;h=160&amp;fit=crop&amp;auto=format&amp;q=92&amp;s=d0295a3e2f5dc353af440df9d5048b5a
676201,https://ksr-ugc.imgix.net/missing_user_avatar.png?v=&amp;w=160&amp;h=160&amp;fit=crop&amp;auto=format&amp;q=92&amp;s=d0295a3e2f5dc353af440df9d5048b5a
676810,https://ksr-ugc.imgix.net/missing_user_avatar.png?v=&amp;w=160&amp;h=160&amp;fit=crop&amp;auto=format&amp;q=92&amp;s=d0295a3e2f5dc353af440df9d5048b5a
676902,https://ksr-ugc.imgix.net/missing_user_avatar.png?v=&amp;w=160&amp;h=160&amp;fit=crop&amp;auto=format&amp;q=92&amp;s=d0295a3e2f5dc353af440df9d5048b5a
676967,https://ksr-ugc.imgix.net/missing_user_avatar.png?v=&amp;w=160&amp;h=160&amp;fit=crop&amp;auto=format&amp;q=92&amp;s=d0295a3e2f5dc353af440df9d5048b5a
676986,https://ksr-ugc.imgix.net/avatars/7036061/fb_profile_picture.original.jpg?v=1371737201&amp;w=160&amp;h=160&amp;fit=crop&amp;auto=format&amp;q=92&amp;s=12fb15e2bc54bb4d58d15c999c08234c
677127,https://ksr-ugc.imgix.net/missing_user_avatar.png?v=&amp;w=160&amp;h=160&amp;fit=crop&amp;auto=format&amp;q=92&amp;s=d0295a3e2f5dc353af440df9d5048b5a
677171,https://ksr-ugc.imgix.net/avatars/5593961/happyStevetan.original.jpg?v=1394029419&amp;w=220&amp;h=220&amp;fit=crop&amp;auto=format&amp;q=92&amp;s=9dfa69fd04f548b16a079ee729a713e4
677517,https://ksr-ugc.imgix.net/avatars/379507/fb_profile_picture.original.jpg?v=1393013448&amp;w=160&amp;h=160&amp;fit=crop&amp;auto=format&amp;q=92&amp;s=b437fc14fd57a97ce52c040aafcd68f1
677778,https://ksr-ugc.imgix.net/missing_user_avatar.png?v=&amp;w=160&amp;h=160&amp;fit=crop&amp;auto=format&amp;q=92&amp;s=d0295a3e2f5dc353af440df9d5048b5a
677892,https://ksr-ugc.imgix.net/avatars/18575117/fb_profile_picture.original.jpeg?v=1445826052&amp;w=160&amp;h=160&amp;fit=crop&amp;auto=format&amp;q=92&amp;s=dd3834d6e6e6f132bb28c9d3363336f3
678381,https://ksr-ugc.imgix.net/missing_user_avatar.png?v=&amp;w=160&amp;h=160&amp;fit=crop&amp;auto=format&amp;q=92&amp;s=d0295a3e2f5dc353af440df9d5048b5a
678385,https://ksr-ugc.imgix.net/missing_user_avatar.png?v=&amp;w=160&amp;h=160&amp;fit=crop&amp;auto=format&amp;q=92&amp;s=d0295a3e2f5dc353af440df9d5048b5a
678410,https://ksr-ugc.imgix.net/missing_user_avatar.png?v=&amp;w=160&amp;h=160&amp;fit=crop&amp;auto=format&amp;q=92&amp;s=d0295a3e2f5dc353af440df9d5048b5a
678426,https://ksr-ugc.imgix.net/missing_user_avatar.png?v=&amp;w=160&amp;h=160&amp;fit=crop&amp;auto=format&amp;q=92&amp;s=d0295a3e2f5dc353af440df9d5048b5a
678543,https://ksr-ugc.imgix.net/missing_user_avatar.png?v=&amp;w=160&amp;h=160&amp;fit=crop&amp;auto=format&amp;q=92&amp;s=d0295a3e2f5dc353af440df9d5048b5a
678556,https://ksr-ugc.imgix.net/missing_user_avatar.png?v=&amp;w=160&amp;h=160&amp;fit=crop&amp;auto=format&amp;q=92&amp;s=d0295a3e2f5dc353af440df9d5048b5a
679154,https://ksr-ugc.imgix.net/missing_user_avatar.png?v=&amp;w=160&amp;h=160&amp;fit=crop&amp;auto=format&amp;q=92&amp;s=d0295a3e2f5dc353af440df9d5048b5a
679322,https://ksr-ugc.imgix.net/missing_user_avatar.png?v=&amp;w=160&amp;h=160&amp;fit=crop&amp;auto=format&amp;q=92&amp;s=d0295a3e2f5dc353af440df9d5048b5a
679658,https://ksr-ugc.imgix.net/missing_user_avatar.png?v=&amp;w=160&amp;h=160&amp;fit=crop&amp;auto=format&amp;q=92&amp;s=d0295a3e2f5dc353af440df9d5048b5a
679923,https://ksr-ugc.imgix.net/missing_user_avatar.png?v=&amp;w=160&amp;h=160&amp;fit=crop&amp;auto=format&amp;q=92&amp;s=d0295a3e2f5dc353af440df9d5048b5a
680403,https://ksr-ugc.imgix.net/avatars/7019767/fb_profile_picture.original.jpg?v=1371655804&amp;w=160&amp;h=160&amp;fit=crop&amp;auto=format&amp;q=92&amp;s=cd7364d0792be6083460936d4e19c7a9
681139,https://ksr-ugc.imgix.net/missing_user_avatar.png?v=&amp;w=160&amp;h=160&amp;fit=crop&amp;auto=format&amp;q=92&amp;s=d0295a3e2f5dc353af440df9d5048b5a
681233,https://ksr-ugc.imgix.net/missing_user_avatar.png?v=&amp;w=160&amp;h=160&amp;fit=crop&amp;auto=format&amp;q=92&amp;s=d0295a3e2f5dc353af440df9d5048b5a
681319,https://ksr-ugc.imgix.net/missing_user_avatar.png?v=&amp;w=160&amp;h=160&amp;fit=crop&amp;auto=format&amp;q=92&amp;s=d0295a3e2f5dc353af440df9d5048b5a
681601,https://ksr-ugc.imgix.net/missing_user_avatar.png?v=&amp;w=160&amp;h=160&amp;fit=crop&amp;auto=format&amp;q=92&amp;s=d0295a3e2f5dc353af440df9d5048b5a
681647,https://ksr-ugc.imgix.net/missing_user_avatar.png?v=&amp;w=160&amp;h=160&amp;fit=crop&amp;auto=format&amp;q=92&amp;s=d0295a3e2f5dc353af440df9d5048b5a
681758,https://ksr-ugc.imgix.net/avatars/10852938/fb_profile_picture.original.jpg?v=1401457752&amp;w=160&amp;h=160&amp;fit=crop&amp;auto=format&amp;q=92&amp;s=57b1d15754a6c112bce5330715fae763
681788,https://ksr-ugc.imgix.net/missing_user_avatar.png?v=&amp;w=160&amp;h=160&amp;fit=crop&amp;auto=format&amp;q=92&amp;s=d0295a3e2f5dc353af440df9d5048b5a
682178,https://ksr-ugc.imgix.net/missing_user_avatar.png?v=&amp;w=160&amp;h=160&amp;fit=crop&amp;auto=format&amp;q=92&amp;s=d0295a3e2f5dc353af440df9d5048b5a
682629,https://ksr-ugc.imgix.net/missing_user_avatar.png?v=&amp;w=160&amp;h=160&amp;fit=crop&amp;auto=format&amp;q=92&amp;s=d0295a3e2f5dc353af440df9d5048b5a
682867,https://ksr-ugc.imgix.net/avatars/3102939/fb_profile_picture.original.jpg?v=1339962079&amp;w=160&amp;h=160&amp;fit=crop&amp;auto=format&amp;q=92&amp;s=4aa90cca06dde92eb7ec07e70753fe5a
682923,https://ksr-ugc.imgix.net/avatars/8934632/fb_profile_picture.original.jpg?v=1386013556&amp;w=160&amp;h=160&amp;fit=crop&amp;auto=format&amp;q=92&amp;s=ee47d950ac8a610cdff8f0e5ba822672
683199,
683679,https://ksr-ugc.imgix.net/missing_user_avatar.png?v=&amp;w=160&amp;h=160&amp;fit=crop&amp;auto=format&amp;q=92&amp;s=d0295a3e2f5dc353af440df9d5048b5a
683775,https://ksr-ugc.imgix.net/missing_user_avatar.png?v=&amp;w=160&amp;h=160&amp;fit=crop&amp;auto=format&amp;q=92&amp;s=d0295a3e2f5dc353af440df9d5048b5a
683944,https://ksr-ugc.imgix.net/missing_user_avatar.png?v=&amp;w=160&amp;h=160&amp;fit=crop&amp;auto=format&amp;q=92&amp;s=d0295a3e2f5dc353af440df9d5048b5a
684165,https://ksr-ugc.imgix.net/missing_user_avatar.png?v=&amp;w=160&amp;h=160&amp;fit=crop&amp;auto=format&amp;q=92&amp;s=d0295a3e2f5dc353af440df9d5048b5a
684402,https://ksr-ugc.imgix.net/missing_user_avatar.png?v=&amp;w=160&amp;h=160&amp;fit=crop&amp;auto=format&amp;q=92&amp;s=d0295a3e2f5dc353af440df9d5048b5a
684686,https://ksr-ugc.imgix.net/missing_user_avatar.png?v=&amp;w=160&amp;h=160&amp;fit=crop&amp;auto=format&amp;q=92&amp;s=d0295a3e2f5dc353af440df9d5048b5a
684721,https://ksr-ugc.imgix.net/missing_user_avatar.png?v=&amp;w=160&amp;h=160&amp;fit=crop&amp;auto=format&amp;q=92&amp;s=d0295a3e2f5dc353af440df9d5048b5a
684818,https://ksr-ugc.imgix.net/missing_user_avatar.png?v=&amp;w=160&amp;h=160&amp;fit=crop&amp;auto=format&amp;q=92&amp;s=d0295a3e2f5dc353af440df9d5048b5a
684978,https://ksr-ugc.imgix.net/missing_user_avatar.png?v=&amp;w=160&amp;h=160&amp;fit=crop&amp;auto=format&amp;q=92&amp;s=d0295a3e2f5dc353af440df9d5048b5a
685040,https://ksr-ugc.imgix.net/missing_user_avatar.png?v=&amp;w=160&amp;h=160&amp;fit=crop&amp;auto=format&amp;q=92&amp;s=d0295a3e2f5dc353af440df9d5048b5a
685046,https://ksr-ugc.imgix.net/avatars/5333845/fb_profile_picture.original.jpg?v=1399565470&amp;w=160&amp;h=160&amp;fit=crop&amp;auto=format&amp;q=92&amp;s=ef3145ded4b2f3d5f7717ac55d53ba81
685437,https://ksr-ugc.imgix.net/avatars/7517640/fb_profile_picture.original.jpg?v=1375413175&amp;w=160&amp;h=160&amp;fit=crop&amp;auto=format&amp;q=92&amp;s=e6215d2479183bedb4f14a67181b7860
685491,https://ksr-ugc.imgix.net/avatars/2229814/fb_profile_picture.original.jpg?v=1331686395&amp;w=160&amp;h=160&amp;fit=crop&amp;auto=format&amp;q=92&amp;s=e9f1604bc341521cd6e94fccd5b3a9ba
685601,https://ksr-ugc.imgix.net/missing_user_avatar.png?v=&amp;w=160&amp;h=160&amp;fit=crop&amp;auto=format&amp;q=92&amp;s=d0295a3e2f5dc353af440df9d5048b5a
685686,https://ksr-ugc.imgix.net/missing_user_avatar.png?v=&amp;w=160&amp;h=160&amp;fit=crop&amp;auto=format&amp;q=92&amp;s=d0295a3e2f5dc353af440df9d5048b5a
685847,https://ksr-ugc.imgix.net/avatars/11383764/fb_profile_picture.original.jpeg?v=1405084547&amp;w=160&amp;h=160&amp;fit=crop&amp;auto=format&amp;q=92&amp;s=8c9de068484a974a7b9ab0d011be1905
685857,https://ksr-ugc.imgix.net/avatars/968794/fb_profile_picture.original.jpg?v=1363240406&amp;w=160&amp;h=160&amp;fit=crop&amp;auto=format&amp;q=92&amp;s=a52b71d2b11f6c8c9e4bd68a6e4b372a
685929,https://ksr-ugc.imgix.net/missing_user_avatar.png?v=&amp;w=160&amp;h=160&amp;fit=crop&amp;auto=format&amp;q=92&amp;s=d0295a3e2f5dc353af440df9d5048b5a
686129,https://ksr-ugc.imgix.net/avatars/14983113/fb_profile_picture.original.jpeg?v=1429570331&amp;w=160&amp;h=160&amp;fit=crop&amp;auto=format&amp;q=92&amp;s=1a1f9610f2fa219bb976efd2791a6e62
686233,https://ksr-ugc.imgix.net/avatars/8759825/fb_profile_picture.original.jpg?v=1385556337&amp;w=160&amp;h=160&amp;fit=crop&amp;auto=format&amp;q=92&amp;s=2f9cf991f4548de95f7acd1fdcbf927f
686234,https://ksr-ugc.imgix.net/missing_user_avatar.png?v=&amp;w=160&amp;h=160&amp;fit=crop&amp;auto=format&amp;q=92&amp;s=d0295a3e2f5dc353af440df9d5048b5a
686238,https://ksr-ugc.imgix.net/avatars/14168696/fb_profile_picture.original.jpeg?v=1424375681&amp;w=160&amp;h=160&amp;fit=crop&amp;auto=format&amp;q=92&amp;s=e6f47e89dab4ca035e51a67743757cd6
686311,
686787,https://ksr-ugc.imgix.net/avatars/2605633/fb_profile_picture.original.jpg?v=1335386524&amp;w=160&amp;h=160&amp;fit=crop&amp;auto=format&amp;q=92&amp;s=ef62e11b329df7420247e23b8c64cd33
686861,https://ksr-ugc.imgix.net/missing_user_avatar.png?v=&amp;w=160&amp;h=160&amp;fit=crop&amp;auto=format&amp;q=92&amp;s=d0295a3e2f5dc353af440df9d5048b5a
687327,https://ksr-ugc.imgix.net/avatars/4219382/fb_profile_picture.original.jpg?v=1348804482&amp;w=160&amp;h=160&amp;fit=crop&amp;auto=format&amp;q=92&amp;s=0d9be53cc3e599a9687560982cda6e63
687414,https://ksr-ugc.imgix.net/missing_user_avatar.png?v=&amp;w=160&amp;h=160&amp;fit=crop&amp;auto=format&amp;q=92&amp;s=d0295a3e2f5dc353af440df9d5048b5a
687427,https://ksr-ugc.imgix.net/missing_user_avatar.png?v=&amp;w=160&amp;h=160&amp;fit=crop&amp;auto=format&amp;q=92&amp;s=d0295a3e2f5dc353af440df9d5048b5a
687898,https://ksr-ugc.imgix.net/missing_user_avatar.png?v=&amp;w=160&amp;h=160&amp;fit=crop&amp;auto=format&amp;q=92&amp;s=d0295a3e2f5dc353af440df9d5048b5a
687914,https://ksr-ugc.imgix.net/missing_user_avatar.png?v=&amp;w=160&amp;h=160&amp;fit=crop&amp;auto=format&amp;q=92&amp;s=d0295a3e2f5dc353af440df9d5048b5a
687921,https://ksr-ugc.imgix.net/missing_user_avatar.png?v=&amp;w=160&amp;h=160&amp;fit=crop&amp;auto=format&amp;q=92&amp;s=d0295a3e2f5dc353af440df9d5048b5a
688085,https://ksr-ugc.imgix.net/missing_user_avatar.png?v=&amp;w=160&amp;h=160&amp;fit=crop&amp;auto=format&amp;q=92&amp;s=d0295a3e2f5dc353af440df9d5048b5a
688357,https://ksr-ugc.imgix.net/missing_user_avatar.png?v=&amp;w=160&amp;h=160&amp;fit=crop&amp;auto=format&amp;q=92&amp;s=d0295a3e2f5dc353af440df9d5048b5a
688447,https://ksr-ugc.imgix.net/missing_user_avatar.png?v=&amp;w=160&amp;h=160&amp;fit=crop&amp;auto=format&amp;q=92&amp;s=d0295a3e2f5dc353af440df9d5048b5a
689046,https://ksr-ugc.imgix.net/missing_user_avatar.png?v=&amp;w=160&amp;h=160&amp;fit=crop&amp;auto=format&amp;q=92&amp;s=d0295a3e2f5dc353af440df9d5048b5a
689919,https://ksr-ugc.imgix.net/avatars/3349979/fb_profile_picture.original.jpg?v=1342029358&amp;w=160&amp;h=160&amp;fit=crop&amp;auto=format&amp;q=92&amp;s=6d3ad4492d25d273c1444af02e478308
690640,https://ksr-ugc.imgix.net/missing_user_avatar.png?v=&amp;w=160&amp;h=160&amp;fit=crop&amp;auto=format&amp;q=92&amp;s=d0295a3e2f5dc353af440df9d5048b5a
691043,https://ksr-ugc.imgix.net/missing_user_avatar.png?v=&amp;w=160&amp;h=160&amp;fit=crop&amp;auto=format&amp;q=92&amp;s=d0295a3e2f5dc353af440df9d5048b5a
691402,https://ksr-ugc.imgix.net/avatars/4344998/fb_profile_picture.original.jpg?v=1349930238&amp;w=160&amp;h=160&amp;fit=crop&amp;auto=format&amp;q=92&amp;s=15d9eec8c2fe94870f4ffdc5c8719118
691425,https://ksr-ugc.imgix.net/avatars/18349993/fb_profile_picture.original.jpeg?v=1444161146&amp;w=160&amp;h=160&amp;fit=crop&amp;auto=format&amp;q=92&amp;s=fdbfb0a0ef060d4a8b8e103a8bebb4a3
691438,https://ksr-ugc.imgix.net/missing_user_avatar.png?v=&amp;w=160&amp;h=160&amp;fit=crop&amp;auto=format&amp;q=92&amp;s=d0295a3e2f5dc353af440df9d5048b5a
691486,https://ksr-ugc.imgix.net/avatars/7483054/fb_profile_picture.original.jpg?v=1375203519&amp;w=160&amp;h=160&amp;fit=crop&amp;auto=format&amp;q=92&amp;s=2b90ccf471c2aaaf0d0b785a462133b6
691675,https://ksr-ugc.imgix.net/missing_user_avatar.png?v=&amp;w=160&amp;h=160&amp;fit=crop&amp;auto=format&amp;q=92&amp;s=d0295a3e2f5dc353af440df9d5048b5a
691753,https://ksr-ugc.imgix.net/missing_user_avatar.png?v=&amp;w=160&amp;h=160&amp;fit=crop&amp;auto=format&amp;q=92&amp;s=d0295a3e2f5dc353af440df9d5048b5a
691816,https://ksr-ugc.imgix.net/missing_user_avatar.png?v=&amp;w=160&amp;h=160&amp;fit=crop&amp;auto=format&amp;q=92&amp;s=d0295a3e2f5dc353af440df9d5048b5a
692060,https://ksr-ugc.imgix.net/missing_user_avatar.png?v=&amp;w=160&amp;h=160&amp;fit=crop&amp;auto=format&amp;q=92&amp;s=d0295a3e2f5dc353af440df9d5048b5a
692111,https://ksr-ugc.imgix.net/missing_user_avatar.png?v=&amp;w=160&amp;h=160&amp;fit=crop&amp;auto=format&amp;q=92&amp;s=d0295a3e2f5dc353af440df9d5048b5a
692185,https://ksr-ugc.imgix.net/missing_user_avatar.png?v=&amp;w=160&amp;h=160&amp;fit=crop&amp;auto=format&amp;q=92&amp;s=d0295a3e2f5dc353af440df9d5048b5a
692383,https://ksr-ugc.imgix.net/missing_user_avatar.png?v=&amp;w=160&amp;h=160&amp;fit=crop&amp;auto=format&amp;q=92&amp;s=d0295a3e2f5dc353af440df9d5048b5a
692387,https://ksr-ugc.imgix.net/missing_user_avatar.png?v=&amp;w=160&amp;h=160&amp;fit=crop&amp;auto=format&amp;q=92&amp;s=d0295a3e2f5dc353af440df9d5048b5a
692464,https://ksr-ugc.imgix.net/avatars/1155189/fb_profile_picture.original.jpg?v=1364036194&amp;w=160&amp;h=160&amp;fit=crop&amp;auto=format&amp;q=92&amp;s=3a02ba0a451155e8cc88d913d00f9382
692525,https://ksr-ugc.imgix.net/missing_user_avatar.png?v=&amp;w=160&amp;h=160&amp;fit=crop&amp;auto=format&amp;q=92&amp;s=d0295a3e2f5dc353af440df9d5048b5a
692537,https://ksr-ugc.imgix.net/missing_user_avatar.png?v=&amp;w=160&amp;h=160&amp;fit=crop&amp;auto=format&amp;q=92&amp;s=d0295a3e2f5dc353af440df9d5048b5a
692851,https://ksr-ugc.imgix.net/avatars/6216149/fb_profile_picture.original.jpg?v=1365730358&amp;w=160&amp;h=160&amp;fit=crop&amp;auto=format&amp;q=92&amp;s=987c71b082dd8ce8f4bb28b0107ef19d
693113,https://ksr-ugc.imgix.net/missing_user_avatar.png?v=&amp;w=160&amp;h=160&amp;fit=crop&amp;auto=format&amp;q=92&amp;s=d0295a3e2f5dc353af440df9d5048b5a
693323,https://ksr-ugc.imgix.net/missing_user_avatar.png?v=&amp;w=160&amp;h=160&amp;fit=crop&amp;auto=format&amp;q=92&amp;s=d0295a3e2f5dc353af440df9d5048b5a
693395,https://ksr-ugc.imgix.net/avatars/3100096/Metalhead.original.jpg?v=1353341011&amp;w=160&amp;h=160&amp;fit=crop&amp;auto=format&amp;q=92&amp;s=fbdb7afb15ad820698775181081b3221
693624,https://ksr-ugc.imgix.net/avatars/10888912/fb_profile_picture.original.jpg?v=1401728297&amp;w=160&amp;h=160&amp;fit=crop&amp;auto=format&amp;q=92&amp;s=8754c52280b4e04d804d618e0395e9b6
693812,https://ksr-ugc.imgix.net/missing_user_avatar.png?v=&amp;w=160&amp;h=160&amp;fit=crop&amp;auto=format&amp;q=92&amp;s=d0295a3e2f5dc353af440df9d5048b5a
693884,https://ksr-ugc.imgix.net/missing_user_avatar.png?v=&amp;w=160&amp;h=160&amp;fit=crop&amp;auto=format&amp;q=92&amp;s=d0295a3e2f5dc353af440df9d5048b5a
693976,https://ksr-ugc.imgix.net/avatars/16768195/fb_profile_picture.original.jpeg?v=1432771197&amp;w=160&amp;h=160&amp;fit=crop&amp;auto=format&amp;q=92&amp;s=e4fa5b5dfe091167259bac063203ccf4
694361,https://ksr-ugc.imgix.net/avatars/9138318/fb_profile_picture.original.jpg?v=1387637795&amp;w=160&amp;h=160&amp;fit=crop&amp;auto=format&amp;q=92&amp;s=27845a7d5275b1e5dff18fb1088ed465
694535,https://ksr-ugc.imgix.net/avatars/5265334/computer2.original.jpg?v=1359550029&amp;w=160&amp;h=160&amp;fit=crop&amp;auto=format&amp;q=92&amp;s=56aeb8e42aac2f0021c16e312da6db94
694946,https://ksr-ugc.imgix.net/avatars/1082039/Page_1.original.jpg?v=1310122809&amp;w=220&amp;h=220&amp;fit=crop&amp;auto=format&amp;q=92&amp;s=f95a4c585d131f26b3c7708e0486256f
695009,https://ksr-ugc.imgix.net/avatars/17112354/fb_profile_picture.original.jpeg?v=1435070249&amp;w=160&amp;h=160&amp;fit=crop&amp;auto=format&amp;q=92&amp;s=9b7ad03552f53f9c19bae4ec5641a6b5
695674,https://ksr-ugc.imgix.net/avatars/17114925/fb_profile_picture.original.jpeg?v=1435083963&amp;w=160&amp;h=160&amp;fit=crop&amp;auto=format&amp;q=92&amp;s=4564147d5b1d14cb3552d822d3b8d207
695882,https://ksr-ugc.imgix.net/missing_user_avatar.png?v=&amp;w=160&amp;h=160&amp;fit=crop&amp;auto=format&amp;q=92&amp;s=d0295a3e2f5dc353af440df9d5048b5a
696467,https://ksr-ugc.imgix.net/avatars/414891/fb_profile_picture.original.jpg?v=1317776130&amp;w=160&amp;h=160&amp;fit=crop&amp;auto=format&amp;q=92&amp;s=41b6d885a86a7547ec10618d7749a64f
696536,https://ksr-ugc.imgix.net/missing_user_avatar.png?v=&amp;w=160&amp;h=160&amp;fit=crop&amp;auto=format&amp;q=92&amp;s=d0295a3e2f5dc353af440df9d5048b5a
696564,https://ksr-ugc.imgix.net/avatars/12917531/avatar_crop01.original.png?v=1420454971&amp;w=220&amp;h=220&amp;fit=crop&amp;auto=format&amp;q=92&amp;s=3079d988129b5a96e75a2c1e8890056f
696780,https://ksr-ugc.imgix.net/missing_user_avatar.png?v=&amp;w=160&amp;h=160&amp;fit=crop&amp;auto=format&amp;q=92&amp;s=d0295a3e2f5dc353af440df9d5048b5a
696882,https://ksr-ugc.imgix.net/missing_user_avatar.png?v=&amp;w=160&amp;h=160&amp;fit=crop&amp;auto=format&amp;q=92&amp;s=d0295a3e2f5dc353af440df9d5048b5a
697050,https://ksr-ugc.imgix.net/missing_user_avatar.png?v=&amp;w=160&amp;h=160&amp;fit=crop&amp;auto=format&amp;q=92&amp;s=d0295a3e2f5dc353af440df9d5048b5a
697110,https://ksr-ugc.imgix.net/missing_user_avatar.png?v=&amp;w=160&amp;h=160&amp;fit=crop&amp;auto=format&amp;q=92&amp;s=d0295a3e2f5dc353af440df9d5048b5a
697252,https://ksr-ugc.imgix.net/missing_user_avatar.png?v=&amp;w=160&amp;h=160&amp;fit=crop&amp;auto=format&amp;q=92&amp;s=d0295a3e2f5dc353af440df9d5048b5a
697712,https://ksr-ugc.imgix.net/avatars/10666253/fb_profile_picture.original.jpg?v=1400134884&amp;w=160&amp;h=160&amp;fit=crop&amp;auto=format&amp;q=92&amp;s=ac3460e2fd140f779c67870ce7a0457d
697752,https://ksr-ugc.imgix.net/missing_user_avatar.png?v=&amp;w=160&amp;h=160&amp;fit=crop&amp;auto=format&amp;q=92&amp;s=d0295a3e2f5dc353af440df9d5048b5a
698195,https://ksr-ugc.imgix.net/missing_user_avatar.png?v=&amp;w=160&amp;h=160&amp;fit=crop&amp;auto=format&amp;q=92&amp;s=d0295a3e2f5dc353af440df9d5048b5a
698753,https://ksr-ugc.imgix.net/avatars/1152056/BrianS_7.original.jpg?v=1311886181&amp;w=160&amp;h=160&amp;fit=crop&amp;auto=format&amp;q=92&amp;s=36811e0447d733d723a84cc240724edc
698754,https://ksr-ugc.imgix.net/avatars/9146693/fb_profile_picture.original.jpg?v=1387737573&amp;w=160&amp;h=160&amp;fit=crop&amp;auto=format&amp;q=92&amp;s=e19f86918a4a2f45d8aaf5dd0529b09d
698812,https://ksr-ugc.imgix.net/avatars/964509/fb_profile_picture.original.jpg?v=1352060362&amp;w=160&amp;h=160&amp;fit=crop&amp;auto=format&amp;q=92&amp;s=8a43a0cab8ef6371ad1a31fc5243e8bf
699298,https://ksr-ugc.imgix.net/missing_user_avatar.png?v=&amp;w=160&amp;h=160&amp;fit=crop&amp;auto=format&amp;q=92&amp;s=d0295a3e2f5dc353af440df9d5048b5a
699309,https://ksr-ugc.imgix.net/avatars/11589575/fb_profile_picture.original.jpeg?v=1406141345&amp;w=160&amp;h=160&amp;fit=crop&amp;auto=format&amp;q=92&amp;s=59aefc65645108b4dd73fbf2b6a69849
699370,https://ksr-ugc.imgix.net/missing_user_avatar.png?v=&amp;w=160&amp;h=160&amp;fit=crop&amp;auto=format&amp;q=92&amp;s=d0295a3e2f5dc353af440df9d5048b5a
699936,https://ksr-ugc.imgix.net/missing_user_avatar.png?v=&amp;w=160&amp;h=160&amp;fit=crop&amp;auto=format&amp;q=92&amp;s=d0295a3e2f5dc353af440df9d5048b5a
